Date,Open,High,Low,Close,Volume,Dividends,Stock Splits,ts_code
2019-03-20,44.40504605557616,45.03639742129525,41.669190137460085,41.921730041503906,2350800,0.0,0,DOW
2019-03-21,42.08167068880502,42.09008729332741,40.57484479301138,41.231449127197266,1764700,0.0,0,DOW
2019-03-22,41.07992486597832,42.04799816551617,40.541172258354024,40.911563873291016,844700,0.0,0,DOW
2019-03-25,40.911567733434666,41.585011767725575,40.40648791893563,41.37456130981445,440900,0.0,0,DOW
2019-03-26,41.2482961148498,41.87964758599546,40.55801876329478,41.12202453613281,504700,0.0,0,DOW
2019-03-27,41.24828616534894,42.74669226784708,41.24828616534894,42.17426681518555,1788600,0.0,0,DOW
2019-03-28,42.84771858007814,42.93189748674083,42.01854318345088,42.805625915527344,585400,0.0,0,DOW
2019-03-29,41.686024595337116,44.17775709729346,41.399811861246256,43.46222686767578,1769000,0.0,0,DOW
2019-04-01,44.02623323049961,45.78559911026832,43.14234198810898,45.03639602661133,19663400,0.0,0,DOW
2019-04-02,46.40011946761204,48.3110101510812,45.70984217188373,47.351356506347656,17414200,0.0,0,DOW
2019-04-03,48.050055822353514,48.15107115505711,46.72842383472531,47.88169479370117,15066200,0.0,0,DOW
2019-04-04,48.15107088493429,50.94585302673834,48.06688876547061,50.26399230957031,13309200,0.0,0,DOW
2019-04-05,49.152808336888796,49.64947154500709,47.368189356539666,48.18473815917969,17000800,0.0,0,DOW
2019-04-08,47.56180199886126,49.15280689706352,47.368187968990945,48.10897445678711,10764600,0.0,0,DOW
2019-04-09,47.81434472093302,48.151066747414916,47.20824956897253,47.36819076538086,9179900,0.0,0,DOW
2019-04-10,47.132492465071365,47.48604774172305,46.383286034187364,46.896785736083984,9081900,0.0,0,DOW
2019-04-11,46.888361631727236,47.31767914347013,46.15599495347449,46.20650100708008,7346100,0.0,0,DOW
2019-04-12,47.0819723677305,49.102297862230536,47.0819723677305,49.07704162597656,9281700,0.0,0,DOW
2019-04-15,49.304329281984934,49.540032749373324,48.22682404681641,48.639305114746094,5727300,0.0,0,DOW
2019-04-16,49.42218471827725,49.65789141454316,48.68981802458258,49.24540710449219,6681600,0.0,0,DOW
2019-04-17,49.62422343364732,49.708402340493556,48.99287199864219,49.09388732910156,6420700,0.0,0,DOW
2019-04-18,49.127560785450164,49.33801126639454,48.445700071151364,48.630897521972656,5178800,0.0,0,DOW
2019-04-22,48.386768272800154,49.16964422301842,48.20157084463955,48.73190689086914,4401700,0.0,0,DOW
2019-04-23,48.22683210336153,48.6898225107418,47.98270877923068,48.521461486816406,5687200,0.0,0,DOW
2019-04-24,48.39518794297994,48.731906743540485,47.027259988356164,47.12406539916992,5431300,0.0,0,DOW
2019-04-25,46.938860810379346,47.12405820972556,46.147568378004905,46.57688903808594,6260500,0.0,0,DOW
2019-04-26,46.55164145201875,46.80418136363167,46.25701209034021,46.509552001953125,4009800,0.0,0,DOW
2019-04-29,46.34119354151813,46.875739541557365,46.1307430683857,46.72000503540039,5935200,0.0,0,DOW
2019-04-30,46.93887932542404,48.1552862013197,46.80419113037682,47.755428314208984,6454100,0.0,0,DOW
2019-05-01,47.83117777637292,48.3867668331047,47.03988524442735,47.250335693359375,7644400,0.0,0,DOW
2019-05-02,46.75367432193465,47.55338670119109,43.79894810584748,44.36295700073242,13932700,0.0,0,DOW
2019-05-03,44.78385927657504,44.91012762794782,43.53799291795875,44.868038177490234,7401700,0.0,0,DOW
2019-05-06,43.89996538523159,45.482550465472166,43.5211539309967,45.002723693847656,6089500,0.0,0,DOW
2019-05-07,44.49764392857943,44.889081896375046,44.320866320212126,44.57340621948242,7330800,0.0,0,DOW
2019-05-08,44.89329845967256,44.948014429073034,44.03466010589095,44.177764892578125,5390700,0.0,0,DOW
2019-05-09,43.99256682027123,44.733353407227895,43.39488822920391,44.556575775146484,4579700,0.0,0,DOW
2019-05-10,44.56498046915316,45.216536726405515,44.186172276297,44.674415588378906,4758100,0.0,0,DOW
2019-05-13,44.00939571492058,44.23668257923544,42.72985663315854,42.889801025390625,4213100,0.0,0,DOW
2019-05-14,43.20969459999556,44.615502281440484,42.79721024143811,44.177764892578125,4204500,0.0,0,DOW
2019-05-15,43.75685744099674,44.889081896375046,43.49589772539331,44.57340621948242,2928700,0.0,0,DOW
2019-05-16,44.859619232560256,45.078486290257864,44.388209062848176,44.59865951538086,3689700,0.0,0,DOW
2019-05-17,44.05990627187612,44.211430852537816,42.64567899317963,42.76353073120117,4440800,0.0,0,DOW
2019-05-20,42.42681269433204,42.54466443445323,42.02274499788931,42.15743637084961,5168400,0.0,0,DOW
2019-05-21,42.325797408572335,43.091836989290385,42.10693033317546,42.62042999267578,4968400,0.0,0,DOW
2019-05-22,42.47731521251704,42.60358675854799,42.06062424856499,42.26686477661133,3019100,0.0,0,DOW
2019-05-23,41.66918597757669,41.97223511666316,40.583260966256425,41.0041618347168,4919200,0.0,0,DOW
2019-05-24,41.57659387883262,41.7323283809464,40.776881459447715,41.41665267944336,2918900,0.0,0,DOW
2019-05-28,41.55975661620873,41.61026588346744,40.49066787671021,40.877899169921875,6613000,0.0,0,DOW
2019-05-29,40.57484436182348,41.61026011288974,40.41489997662852,41.0041618347168,3525900,0.0,0,DOW
2019-05-30,41.09811293524919,41.49952947051355,41.01270668682847,41.39704132080078,3777600,0.7,0,DOW
2019-05-31,40.96145655974372,40.99562035863866,39.92802607846578,39.93656539916992,3396900,0.0,0,DOW
2019-06-03,40.01343578919582,40.96146011352539,40.01343578919582,40.96146011352539,5905200,0.0,0,DOW
2019-06-04,41.57639147912299,42.643985748291016,41.54222768058021,42.643985748291016,7043000,0.0,0,DOW
2019-06-05,43.122276149483085,43.190600499613716,41.89240526673496,42.994163513183594,6413300,0.0,0,DOW
2019-06-06,42.94291917310334,43.82261923706177,42.83189169335424,43.609100341796875,6228100,0.0,0,DOW
2019-06-07,43.66888418898242,44.1471644162753,43.44682271941956,43.8140754699707,5391100,0.0,0,DOW
2019-06-10,44.17278514422654,44.49733148286639,44.0532150975656,44.08737564086914,5434400,0.0,0,DOW
2019-06-11,44.41192308385868,44.557114345466296,44.03613106142786,44.44608688354492,5144300,0.0,0,DOW
2019-06-12,44.46318009687077,44.95854228620714,44.13863043334965,44.8304328918457,3103900,0.0,0,DOW
2019-06-13,44.992701232893204,45.22330202747429,44.446093390052,45.163516998291016,4179800,0.0,0,DOW
2019-06-14,44.94999793805518,45.001240386855194,43.55785385361975,43.68596649169922,3919300,0.0,0,DOW
2019-06-17,42.755020498375316,42.98562127323697,41.892402422999545,42.148624420166016,5787300,0.0,0,DOW
2019-06-18,42.49025179923605,43.190593377293894,42.191326707884215,42.37068176269531,5014200,0.0,0,DOW
2019-06-19,42.66106699792381,42.908749646528506,41.27746575840235,41.42265701293945,5404000,0.0,0,DOW
2019-06-20,41.93084024010322,42.35360672581072,41.52515239834945,41.7899169921875,4228300,0.0,0,DOW
2019-06-21,41.69597076753603,42.080305441321,41.260393642606324,41.303096771240234,9478500,0.0,0,DOW
2019-06-24,41.4311985295314,42.447550397320356,41.26892536738157,42.345062255859375,4602300,0.0,0,DOW
2019-06-25,42.268198125751795,42.89423367173495,41.89240281885315,42.43901062011719,4005200,0.0,0,DOW
2019-06-26,42.5756608265195,43.74574656484018,42.54150028386935,43.08810806274414,5244400,0.0,0,DOW
2019-06-27,43.224761734799145,43.67742070888649,43.15728773703507,43.48098373413086,4097200,0.0,0,DOW
2019-06-28,43.59201402065377,43.728665969450454,41.91802683338458,42.114463806152344,6507400,0.0,0,DOW
2019-07-01,42.703771645041805,42.874587383229816,42.29381582821411,42.840423583984375,4641700,0.0,0,DOW
2019-07-02,42.70378166217938,42.75502737306839,41.644726443419735,42.19133758544922,4725800,0.0,0,DOW
2019-07-03,42.24257348982915,42.40484992013483,42.020515293147,42.13154602050781,2479400,0.0,0,DOW
2019-07-05,41.85823855137404,42.165706250676436,41.815535428257476,42.114463806152344,2529800,0.0,0,DOW
2019-07-08,42.140084681057246,42.27673662872752,41.32444102668449,41.43974304199219,5936000,0.0,0,DOW
2019-07-09,41.25185054443552,41.3628812839224,40.5685907207467,40.88459777832031,4967400,0.0,0,DOW
2019-07-10,41.28601041500229,41.354334761839,40.585668755218514,40.611289978027344,3507400,0.0,0,DOW
2019-07-11,40.765028499499586,41.04687501483272,40.295287565317594,40.80773162841797,4202000,0.0,0,DOW
2019-07-12,41.38850216538649,42.73794315674785,41.06395578810499,42.45609664916992,4328400,0.0,0,DOW
2019-07-15,42.5073347602259,43.51514403344144,42.41338594115746,43.49806213378906,4923800,0.0,0,DOW
2019-07-16,43.51515143787161,44.96280928483818,43.51515143787161,44.68523406982422,6011200,0.0,0,DOW
2019-07-17,44.5485807238897,44.66815078004947,43.75429019878302,44.07029724121094,4417500,0.0,0,DOW
2019-07-18,44.027590471374126,44.45462821262516,43.796989700133835,44.19840621948242,3620300,0.0,0,DOW
2019-07-19,44.215494916629915,44.2667406263514,43.9848941099431,44.001976013183594,3221500,0.0,0,DOW
2019-07-22,43.98831169292978,44.04467904125823,43.21622465521359,43.45536804199219,2814900,0.0,0,DOW
2019-07-23,43.55785801916874,45.180603052510655,43.515154888405014,44.94145965576172,4387700,0.0,0,DOW
2019-07-24,44.83896814716999,45.257466616747756,44.44609416057196,45.08665084838867,3516400,0.0,0,DOW
2019-07-25,44.104460675834325,44.4033890717695,42.95999931382913,43.36141586303711,4254600,0.0,0,DOW
2019-07-26,42.93437676448101,42.95999798749828,41.78137285811069,41.94364929199219,5066000,0.0,0,DOW
2019-07-29,41.43974663459936,41.74721435802315,40.978545049463676,41.038330078125,4219800,0.0,0,DOW
2019-07-30,40.80772820535663,41.3714179306992,40.80772820535663,41.337257385253906,4194300,0.0,0,DOW
2019-07-31,41.41412056407926,42.216950325041765,40.952919032913016,41.37141418457031,5188500,0.0,0,DOW
2019-08-01,41.12373610610462,41.50806746979353,39.95365034017173,40.01343536376953,5803200,0.0,0,DOW
2019-08-02,39.87678129214659,40.56858357441496,38.74940196714283,38.945838928222656,5346400,0.0,0,DOW
2019-08-05,38.48464404710884,38.54442907277715,37.63910785002344,38.236961364746094,5147300,0.0,0,DOW
2019-08-06,38.527350645240425,38.81773647811455,37.352996701094185,37.94657897949219,4702800,0.0,0,DOW
2019-08-07,37.66473037119577,38.43339966776697,37.50245718993725,38.33945083618164,4490100,0.0,0,DOW
2019-08-08,38.6016519981881,39.98781757439918,38.595673495315104,39.962196350097656,4573400,0.0,0,DOW
2019-08-09,39.64618589154481,40.13301195765267,39.372881973262324,39.834083557128906,4468000,0.0,0,DOW
2019-08-12,39.62056240164185,39.97073323054425,38.877517619929826,39.022708892822266,4491600,0.0,0,DOW
2019-08-13,39.099574851015156,40.79064392858044,38.92876235961539,40.01343536376953,5407300,0.0,0,DOW
2019-08-14,39.116663361155666,39.41559178769291,37.57932787252404,37.64765548706055,6178300,0.0,0,DOW
2019-08-15,37.869716575562016,37.89533780392639,36.691091200197725,37.0498046875,3494600,0.0,0,DOW
2019-08-16,36.972933991985876,38.27112931201709,36.52881428318258,38.0149040222168,4586000,0.0,0,DOW
2019-08-19,38.740862646243386,39.17046118693739,38.561507585001706,38.945838928222656,3615500,0.0,0,DOW
2019-08-20,38.64691834594514,38.64691834594514,36.78503340034814,36.861900329589844,5972800,0.0,0,DOW
2019-08-21,37.45120875263676,37.784300928883205,36.930225443002875,36.964385986328125,4397800,0.0,0,DOW
2019-08-22,36.998547969877066,37.49391329120825,35.888250544391745,35.91387176513672,6072100,0.0,0,DOW
2019-08-23,35.871175112318525,35.88825701524155,34.53881600668092,34.76941680908203,6696800,0.0,0,DOW
2019-08-26,35.24769983879622,35.316024191521905,34.684010082140134,34.863365173339844,3402400,0.0,0,DOW
2019-08-27,35.17937056765664,35.64057214443679,34.94791617287826,35.162288665771484,4152200,0.0,0,DOW
2019-08-28,35.14520608884848,36.41777668550305,34.81211392642363,36.31528854370117,4539300,0.0,0,DOW
2019-08-29,36.75816012028661,37.339967323430244,36.65395317526115,36.79289245605469,3292500,0.7,0,DOW
2019-08-30,37.192347882034404,37.33996942694264,36.70605871557551,37.018672943115234,4099200,0.0,0,DOW
2019-09-03,36.59317814320163,36.671331718528286,35.73349212718316,36.29793167114258,3343300,0.0,0,DOW
2019-09-04,36.983942968180635,37.15761793375107,36.34134658934238,36.94052505493164,2651400,0.0,0,DOW
2019-09-05,37.470230674901856,38.18229502326544,37.418127193591964,37.652587890625,4041400,0.0,0,DOW
2019-09-06,37.8088925699256,37.913096213213045,37.0447247898114,37.54838180541992,3217900,0.0,0,DOW
2019-09-09,37.80020996954024,38.75281360183327,37.56574926929798,38.59911346435547,3848000,0.0,0,DOW
2019-09-10,39.16355101299599,40.266383150400515,38.88567241440617,40.222965240478516,4704000,0.0,0,DOW
2019-09-11,40.39663717560001,40.85687294903268,39.58036926727956,40.709251403808594,4445000,0.0,0,DOW
2019-09-12,40.87424273891906,40.97844638247269,39.571685600489324,40.78740692138672,3649700,0.0,0,DOW
2019-09-13,41.36921012445332,42.06390653422177,41.03054583172706,41.855499267578125,4027600,0.0,0,DOW
2019-09-16,42.28100506564742,43.40120504064151,41.92497290063855,42.55888366699219,5040600,0.0,0,DOW
2019-09-17,42.26363866589236,42.62835641282982,41.343167010076286,41.68183135986328,3741900,0.0,0,DOW
2019-09-18,41.594996250944256,41.594996250944256,40.83082840202876,41.25632858276367,2588200,0.0,0,DOW
2019-09-19,41.78603098013221,42.0378594819916,41.23895938135713,41.36921310424805,2418300,0.0,0,DOW
2019-09-20,41.221588581809165,42.41993864630447,40.874238720678655,41.86418151855469,10570400,0.0,0,DOW
2019-09-23,41.152122292889594,41.86852939830153,40.917661604978,41.603675842285156,3599400,0.0,0,DOW
2019-09-24,41.490784944457346,41.68182771484072,39.90166698536755,40.46610641479492,4515300,0.0,0,DOW
2019-09-25,40.42269282576173,41.65578208328114,40.057978384324265,41.403953552246094,4396200,0.0,0,DOW
2019-09-26,41.256318867518914,41.41262596600216,40.75613681488725,41.01317596435547,2994200,0.0,0,DOW
2019-09-27,41.16080118122663,41.577619010109665,40.822133589721375,40.874237060546875,3722300,0.0,0,DOW
2019-09-30,41.03923153616328,41.499470637775396,40.9089778117091,41.377899169921875,2512200,0.0,0,DOW
2019-10-01,41.629722401669945,42.17679729382025,39.858247319473065,39.91903305053711,3838400,0.0,0,DOW
2019-10-02,38.79015173990723,39.22433747227731,38.520958705885306,39.01593017578125,4759500,0.0,0,DOW
2019-10-03,38.946463311144775,39.41538475061161,38.52964535803246,39.345916748046875,3422400,0.0,0,DOW
2019-10-04,39.233024195037636,39.75404576416502,39.085399319154455,39.37196350097656,3512300,0.0,0,DOW
2019-10-07,39.14618066343464,39.745355681215244,38.87264157781248,39.22433090209961,2977900,0.0,0,DOW
2019-10-08,38.859622485018285,39.120133258157196,38.06072233904906,38.078086853027344,2985900,0.0,0,DOW
2019-10-09,38.54700398513026,38.67726101363516,38.208339686106136,38.21702194213867,2844600,0.0,0,DOW
2019-10-10,38.49490436790288,39.3285400869107,38.22570805105553,39.007240295410156,4325000,0.0,0,DOW
2019-10-11,39.727984935790786,41.43867736900572,39.51349580466856,40.92633819580078,3675700,0.0,0,DOW
2019-10-14,40.57030683709822,41.0479103735859,40.15348902456861,40.657142639160156,3196500,0.0,0,DOW
2019-10-15,40.657143380246026,41.76865756725201,40.405314912073244,40.987125396728516,3216800,0.0,0,DOW
2019-10-16,41.23895956508,41.61235622242336,40.82213837476485,40.917659759521484,3626900,0.0,0,DOW
2019-10-17,41.1955420539393,42.150752674939056,40.9350312709664,41.516841888427734,2724400,0.0,0,DOW
2019-10-18,41.60366919432387,41.84768330717995,41.12606563789152,41.64708709716797,2757600,0.0,0,DOW
2019-10-21,42.19416678749832,42.52414884959197,40.891609677342046,40.917659759521484,3967000,0.0,0,DOW
2019-10-22,40.88292102463881,41.14690332043944,39.96244628494413,40.657142639160156,4645400,0.0,0,DOW
2019-10-23,40.622408218147356,41.256318867518914,40.422683217324014,41.01317596435547,4152000,0.0,0,DOW
2019-10-24,42.246267814514944,43.40988556461112,41.54288582329395,42.95833206176758,6098900,0.0,0,DOW
2019-10-25,43.22752753679265,44.07853111728457,42.46336308445748,43.83538818359375,5361100,0.0,0,DOW
2019-10-28,44.06984926097968,44.66902434411954,43.791970673502576,44.46929931640625,4504100,0.0,0,DOW
2019-10-29,44.252205216408555,44.83401576994497,43.73986596407158,44.71244430541992,3462100,0.0,0,DOW
2019-10-30,44.46061695853113,44.69507763728855,43.7051347575844,44.312992095947266,3602100,0.0,0,DOW
2019-10-31,44.18273472731637,44.312988440832825,43.166738536504404,43.84407043457031,3744000,0.0,0,DOW
2019-11-01,44.269575357264785,45.58081807911109,44.20010736500573,45.42451095581055,3207100,0.0,0,DOW
2019-11-04,45.71975877449921,47.248091089256505,45.554766076761304,47.03968048095703,5430200,0.0,0,DOW
2019-11-05,46.90073455943802,47.76042364253613,46.58812365997612,47.06572723388672,6044500,0.0,0,DOW
2019-11-06,47.0310006619211,47.534657725752346,46.72707195966046,47.13520431518555,3847000,0.0,0,DOW
2019-11-07,47.70832396051416,48.57669536846903,47.256770430868734,48.45512390136719,5974300,0.0,0,DOW
2019-11-08,48.19461373483106,48.6201171875,47.77779585139006,48.6201171875,4812000,0.0,0,DOW
2019-11-11,48.23802774669227,48.845888353157434,47.951466924225464,48.46380615234375,3184900,0.0,0,DOW
2019-11-12,48.628796552221836,48.72431793260409,47.35228958270237,47.89936447143555,2742700,0.0,0,DOW
2019-11-13,47.05704902349133,47.308877546183,46.423138244441965,46.5968132019043,3426000,0.0,0,DOW
2019-11-14,46.2841976737398,47.01362982505053,46.15394394364007,46.84864044189453,2595500,0.0,0,DOW
2019-11-15,47.12651950159048,48.01225878773331,47.013630284341836,47.638858795166016,3865000,0.0,0,DOW
2019-11-18,47.543333279259016,47.68227256821143,46.9962583797578,47.1699333190918,3439900,0.0,0,DOW
2019-11-19,47.59543571005705,47.59543571005705,45.84132515517888,46.36234664916992,5208300,0.0,0,DOW
2019-11-20,46.14525721374419,46.414453549299935,45.242150132435356,45.73712158203125,5394100,0.0,0,DOW
2019-11-21,45.771856952601766,46.82258558036182,45.45924271002791,46.7878532409668,4618400,0.0,0,DOW
2019-11-22,46.87468447929297,47.46517725478841,46.54470244296934,47.06572723388672,3115600,0.0,0,DOW
2019-11-25,47.60412283941953,47.96015500302774,47.20467276562969,47.934104919433594,5073700,0.0,0,DOW
2019-11-26,47.97751862170996,48.41170431059421,47.60411866426359,48.081722259521484,4643800,0.0,0,DOW
2019-11-27,48.090524995902655,48.284013915878965,47.404523705061415,47.73872756958008,3926000,0.7,0,DOW
2019-11-29,47.50125426827696,47.73871697509711,46.7185086911595,46.93838119506836,1887600,0.0,0,DOW
2019-12-02,46.61297054481067,47.27258805252026,46.51622610688183,46.75368881225586,3349500,0.0,0,DOW
2019-12-03,45.69830048993012,45.74227431979384,44.897964708452854,45.575172424316406,3950100,0.0,0,DOW
2019-12-04,47.043925685571864,47.043925685571864,45.91817610584357,45.979740142822266,3791400,0.0,0,DOW
2019-12-05,46.199618718461494,46.30515995710784,45.45205339715512,45.733489990234375,2692600,0.0,0,DOW
2019-12-06,46.2523854352438,47.27259383782333,46.2523854352438,46.80646514892578,2818800,0.0,0,DOW
2019-12-09,47.45727638608581,47.47486658749506,46.60417342515835,46.85042953491211,2377200,0.0,0,DOW
2019-12-10,46.929592502053616,46.95597613158619,46.340332387581014,46.72731018066406,2609700,0.0,0,DOW
2019-12-11,47.05272130884206,47.55403040765868,46.656950084779325,46.700923919677734,3253300,0.0,0,DOW
2019-12-12,46.832848200061925,48.002571652824145,46.45466718563417,47.88823699951172,2882300,0.0,0,DOW
2019-12-13,48.0553409903065,48.21364948481977,46.83285022544518,46.85923385620117,3198600,0.0,0,DOW
2019-12-16,47.14946688689966,47.96739298453946,47.061515860009635,47.6419792175293,4040000,0.0,0,DOW
2019-12-17,47.580413711863635,48.143290201670816,47.43090200323491,48.07292938232422,2665300,0.0,0,DOW
2019-12-18,47.80908194082051,48.09931192660414,47.08790033373581,47.712337493896484,3659100,0.0,0,DOW
2019-12-19,47.870640535802885,48.257614924510165,47.54523017814021,47.94979476928711,3356000,0.0,0,DOW
2019-12-20,48.41592797760899,48.5918266636788,47.51005427358375,48.028953552246094,10476700,0.0,0,DOW
2019-12-23,47.923416044129915,48.41592834285481,47.68595331939252,48.31039047241211,2678600,0.0,0,DOW
2019-12-24,48.37195569448125,48.59182822036526,48.06413550023904,48.28400802612305,926200,0.0,0,DOW
2019-12-26,48.35436584370066,48.574238371193836,47.94980119831046,48.56544494628906,1909600,0.0,0,DOW
2019-12-27,48.627011104670835,48.85567706703367,48.12570198853928,48.22244644165039,1688500,0.0,0,DOW
2019-12-30,48.248827719569825,48.41592963180179,47.703544793612636,47.7914924621582,1943300,0.0,0,DOW
2019-12-31,47.51005382439183,48.17846479915147,47.43089958415821,48.134490966796875,2145700,0.0,0,DOW
2020-01-02,48.57423944072555,48.84688258861614,47.175850000878974,47.2725944519043,5145200,0.0,0,DOW
2020-01-03,46.70972127722497,47.140669561542055,46.09407751606911,46.10287094116211,5004300,0.0,0,DOW
2020-01-06,46.014915363296865,46.50743095858776,45.73347883884149,45.91817092895508,4293100,0.0,0,DOW
2020-01-07,45.98854001584948,46.67014285824463,45.724693646051726,45.90058898925781,5122800,0.0,0,DOW
2020-01-08,46.09407461433465,46.76248559394755,45.66312300215843,46.375511169433594,3629700,0.0,0,DOW
2020-01-09,46.39310467320528,46.67454124832137,45.56638515317535,45.90058898925781,2667800,0.0,0,DOW
2020-01-10,46.48984245426198,46.498635878165096,45.20578784516672,45.29373550415039,3277300,0.0,0,DOW
2020-01-13,45.293740296568494,46.08528273112528,45.26735666707943,46.04130554199219,2665500,0.0,0,DOW
2020-01-14,45.900583818802325,46.58658832898809,45.68950808873612,45.94456100463867,3689800,0.0,0,DOW
2020-01-15,45.90058644824677,46.305154438194705,45.469638184264646,45.970947265625,2235400,0.0,0,DOW
2020-01-16,46.24358684870787,46.498636404643584,45.88299271982283,46.155635833740234,3765600,0.0,0,DOW
2020-01-17,46.19961061039092,46.92958895213326,46.107264559023804,46.9119987487793,3897500,0.0,0,DOW
2020-01-21,46.595388076464104,46.74490314762373,45.90938682817168,46.26118087768555,4156000,0.0,0,DOW
2020-01-22,46.375510402023586,46.43707443774596,44.57431446620304,44.73965835571289,5149600,0.0,0,DOW
2020-01-23,44.16799426954286,44.634122952893,43.22694012297454,44.19437789916992,5797600,0.0,0,DOW
2020-01-24,43.8689635329439,44.21196410704161,42.25070174733846,42.6464729309082,5919300,0.0,0,DOW
2020-01-27,41.608681280506445,41.84614402974707,41.019421120171096,41.494346618652344,4827000,0.0,0,DOW
2020-01-28,41.68783233634607,41.96926890166413,41.35362515691019,41.47675323486328,5813800,0.0,0,DOW
2020-01-29,43.07742578949623,43.93053228176003,42.74321860361115,43.68427276611328,6828000,0.0,0,DOW
2020-01-30,42.48816889155772,43.07742566137684,41.9164989717431,42.62888717651367,5644800,0.0,0,DOW
2020-01-31,41.95167816073974,42.09679483146752,40.386183511805854,40.51810836791992,7532200,0.0,0,DOW
2020-02-03,40.72918746042395,41.30965078825712,40.21908159551591,41.10736846923828,6364900,0.0,0,DOW
2020-02-04,41.907708352440636,42.549735780222356,41.72301286514248,42.25950241088867,5287000,0.0,0,DOW
2020-02-05,42.98947293485934,43.745834885652904,42.67285599220267,43.631500244140625,5403200,0.0,0,DOW
2020-02-06,43.6315029653724,43.67547679793103,42.70803906168749,43.270912170410156,5985200,0.0,0,DOW
2020-02-07,42.690454718443014,42.690454718443014,41.73181027510795,42.241912841796875,3802100,0.0,0,DOW
2020-02-10,42.03962120296317,42.84875374513111,42.03962120296317,42.38262176513672,2488300,0.0,0,DOW
2020-02-11,42.69045156495452,43.983299770106235,42.65527115468124,42.91032409667969,3705400,0.0,0,DOW
2020-02-12,43.70185805228124,44.29991153655577,43.08621771992939,43.42921829223633,2964200,0.0,0,DOW
2020-02-13,43.00707003932373,43.086224287690136,42.23311776140647,42.479373931884766,3302600,0.0,0,DOW
2020-02-14,42.66406250356422,43.042243508126894,42.549731208222695,42.76960372924805,3207000,0.0,0,DOW
2020-02-18,42.382633925692375,42.67286731849117,41.537445084037586,41.98686599731445,3594300,0.0,0,DOW
2020-02-19,42.057210535086384,42.47057189888829,41.69661977782984,41.82854461669922,5644900,0.0,0,DOW
2020-02-20,41.79337193871297,42.927915026771934,41.723011116978164,42.88393783569336,4154200,0.0,0,DOW
2020-02-21,42.72563345735176,42.89273537946365,42.28588837864697,42.479373931884766,3972800,0.0,0,DOW
2020-02-24,40.99302814822597,41.371209104737304,40.280640062823416,40.66761779785156,5075900,0.0,0,DOW
2020-02-25,40.89628623821295,40.92706825494541,38.328176970852844,38.653587341308594,5529300,0.0,0,DOW
2020-02-26,39.0933366162837,39.47151763735935,37.835665472704434,37.8620491027832,6470700,0.0,0,DOW
2020-02-27,36.95013491414588,37.0663559603461,35.3140639837111,35.3587646484375,10009300,0.7,0,DOW
2020-02-28,34.080309424177344,36.19915594051622,34.017727804921,36.12763214111328,10280000,0.0,0,DOW
2020-03-02,36.69980864290348,37.03059768676758,35.5643939134862,37.03059768676758,7706700,0.0,0,DOW
2020-03-03,36.968020479290296,38.21429519947293,35.52863966406271,36.261741638183594,6765300,0.0,0,DOW
2020-03-04,37.05742962527369,37.52232419738469,35.94883435171004,37.46868133544922,4967000,0.0,0,DOW
2020-03-05,35.787908936784184,36.32432732121839,35.45711981650453,35.85049057006836,5447400,0.0,0,DOW
2020-03-06,34.616729892119125,35.483933847211134,34.25017892295009,34.84023666381836,6928400,0.0,0,DOW
2020-03-09,31.06744520183753,31.237309142088055,27.205247970444542,27.29465103149414,15081500,0.0,0,DOW
2020-03-10,29.064821535414563,29.797926945846694,26.208406730941487,28.072452545166016,12975400,0.0,0,DOW
2020-03-11,26.99067932253956,27.115842574096625,24.898655718169493,25.023818969726562,12444100,0.0,0,DOW
2020-03-12,22.75298991318368,23.593374142289917,20.017265815202272,21.16162109375,18163300,0.0,0,DOW
2020-03-13,24.970178513781892,25.041700617405322,20.18713293145355,22.967557907104492,17350800,0.0,0,DOW
2020-03-16,20.652028424845575,22.73511170881234,19.623897497648695,19.668598175048828,12345400,0.0,0,DOW
2020-03-17,22.949674855949993,24.675147366430142,20.33017527933268,23.78112030029297,19873300,0.0,0,DOW
2020-03-18,22.207633094449186,25.292027242930985,21.912604222394336,23.638076782226562,16955900,0.0,0,DOW
2020-03-19,23.49503322838726,28.027750434834687,23.182123396662703,25.140043258666992,13893400,0.0,0,DOW
2020-03-20,25.560235332518378,26.543665499225852,23.77218110403984,24.5321044921875,12649100,0.0,0,DOW
2020-03-23,24.263895524638414,25.417191329537427,23.253645627940642,23.763240814208984,11703100,0.0,0,DOW
2020-03-24,25.62281706112767,26.785051632242496,24.04932912908729,25.452951431274414,12333600,0.0,0,DOW
2020-03-25,26.08771190958985,28.988828989664757,25.56917624272956,27.16054344177246,10539200,0.0,0,DOW
2020-03-26,27.07113985624069,27.98304615694386,25.88208394055456,26.53472328186035,14298600,0.0,0,DOW
2020-03-27,25.032758245893707,26.161019643538417,24.06720906747523,25.53341293334961,9101400,0.0,0,DOW
2020-03-30,25.309908873878992,26.275458155703628,24.86289528590052,25.61387825012207,6817000,0.0,0,DOW
2020-03-31,25.524472535155283,26.892334585896013,25.435071191040777,26.1413516998291,7599900,0.0,0,DOW
2020-04-01,24.889714793121772,25.274146721933583,24.08509073793639,24.17449378967285,10339900,0.0,0,DOW
2020-04-02,24.237078550920444,26.677772459422005,24.071682286976046,25.05958366394043,10680300,0.0,0,DOW
2020-04-03,24.836073653673186,25.542354181696613,24.514223349387308,25.005937576293945,8005100,0.0,0,DOW
2020-04-06,26.400623122116816,27.696961504230902,26.3738016929561,27.303590774536133,8021100,0.0,0,DOW
2020-04-07,29.28832482791806,31.35352855320072,28.439000148606166,28.90389633178711,15028000,0.0,0,DOW
2020-04-08,29.47607562048045,31.237306750648443,28.93071852452829,31.10320472717285,7220700,0.0,0,DOW
2020-04-09,31.96147137646814,33.74058694808884,31.773726488986817,32.68563461303711,9892300,0.0,0,DOW
2020-04-13,32.605169509199484,32.989601435988256,30.906516650809888,31.49657440185547,7170600,0.0,0,DOW
2020-04-14,32.515767519476334,33.20416885601265,31.37141382260715,31.621740341186523,7348800,0.0,0,DOW
2020-04-15,30.26281413099804,30.26281413099804,28.492642695089938,28.814491271972656,7586700,0.0,0,DOW
2020-04-16,29.225746383275766,29.225746383275766,27.40193187915239,28.278078079223633,6918500,0.0,0,DOW
2020-04-17,29.538653912976915,30.450561893548418,29.145279836783835,29.878381729125977,6544100,0.0,0,DOW
2020-04-20,28.769792197618735,29.350911173701014,28.16185350002096,28.188674926757812,7140700,0.0,0,DOW
2020-04-21,27.17842280166723,27.85788358486158,26.481082772899835,27.607555389404297,7315100,0.0,0,DOW
2020-04-22,28.430062223275424,28.631220375003625,27.607557190508864,28.465824127197266,5331100,0.0,0,DOW
2020-04-23,28.69826683246125,29.7979231009985,28.61780426184737,29.109521865844727,7724700,0.0,0,DOW
2020-04-24,29.538655693089428,29.815801906626476,28.823434707512508,29.61017608642578,4979100,0.0,0,DOW
2020-04-27,29.78004455126912,31.062971283903543,29.333030991924936,30.790292739868164,4885900,0.0,0,DOW
2020-04-28,31.72007847958203,32.354836849663016,31.031677260171012,32.068748474121094,5868600,0.0,0,DOW
2020-04-29,33.079001288465626,34.05349092230029,32.98959994645762,33.49919509887695,6887300,0.0,0,DOW
2020-04-30,33.32039441166302,33.39191481478726,32.2296801278624,32.801856994628906,10990200,0.0,0,DOW
2020-05-01,31.04955817248902,31.37140844719601,29.98566724037865,30.33433723449707,8709300,0.0,0,DOW
2020-05-04,28.6982745623492,29.628063759783593,28.394306853426738,29.556543350219727,6248300,0.0,0,DOW
2020-05-05,30.066130044763614,30.88863327729189,29.70851786774286,29.833681106567383,5041600,0.0,0,DOW
2020-05-06,29.243627125202327,29.838155995758953,28.501584662280703,28.57310676574707,4601500,0.0,0,DOW
2020-05-07,29.08269748833684,30.21811219811841,29.064816538917952,29.368785858154297,5056200,0.0,0,DOW
2020-05-08,30.20023412201246,30.727710243506515,29.833683150156777,30.691951751708984,4175700,0.0,0,DOW
2020-05-11,30.57572735937935,30.611489261718692,29.574417966976828,30.307519912719727,4321000,0.0,0,DOW
2020-05-12,30.62042673805799,31.657497988973052,30.173413209035246,30.20917510986328,5675400,0.0,0,DOW
2020-05-13,29.949910339870087,30.00623380630063,28.421124690281548,28.921777725219727,5865200,0.0,0,DOW
2020-05-14,27.884704347199886,29.994607039287168,27.625435682517843,29.958845138549805,6187900,0.0,0,DOW
2020-05-15,29.69064183121684,30.379043169114595,29.35091395831382,30.00355339050293,4829200,0.0,0,DOW
2020-05-18,32.07769002928461,33.98196510242797,31.92570366436512,32.846553802490234,8544900,0.0,0,DOW
2020-05-19,32.74821120415079,32.79291187375384,31.80948350071681,31.863122940063477,4415500,0.0,0,DOW
2020-05-20,32.48894569210565,33.07900345515833,31.970408325255484,32.34590148925781,5656200,0.0,0,DOW
2020-05-21,32.18498065707788,32.864439859243376,31.88101125889886,32.02405548095703,3941800,0.0,0,DOW
2020-05-22,31.898888503997643,32.34590207225945,31.62173886391589,32.292259216308594,3040600,0.0,0,DOW
2020-05-26,34.29488171573948,34.822357865982546,33.90150759054221,34.67931365966797,6188600,0.0,0,DOW
2020-05-27,35.71638699596635,36.35561657454734,34.89388020604615,35.600162506103516,6895200,0.0,0,DOW
2020-05-28,36.00967247820872,36.118874456177664,34.89944137587488,35.22705078125,5266800,0.7,0,DOW
2020-05-29,34.7083275061712,35.48185027212358,34.326118952604666,35.12693786621094,5254200,0.0,0,DOW
2020-06-01,35.13603973388672,35.500047380904824,34.74472899652845,35.13603973388672,3014400,0.0,0,DOW
2020-06-02,35.672966196838736,37.52031508520776,35.572862932085414,36.946998596191406,6083400,0.0,0,DOW
2020-06-03,37.75691643624086,38.494034028339094,37.7296133417969,37.88431930541992,5160600,0.0,0,DOW
2020-06-04,37.766020433773335,38.91264988817196,37.60221573007806,38.867149353027344,3901500,0.0,0,DOW
2020-06-05,40.687190998832435,41.61541632412303,39.89274215158826,40.01377487182617,7656600,0.0,0,DOW
2020-06-08,40.11388567790347,41.79742978435828,40.11388567790347,41.7701301574707,5727300,0.0,0,DOW
2020-06-09,40.468794925236445,40.78730214548716,39.96736909518245,40.41419219970703,5535400,0.0,0,DOW
2020-06-10,40.39598834482942,40.49609159859793,39.49506600384903,39.658870697021484,4267700,0.0,0,DOW
2020-06-11,37.515760312530716,38.25743253515355,35.445456564725276,35.727561950683594,9225100,0.0,0,DOW
2020-06-12,38.05722403823461,38.14367747598182,36.387329925911736,37.52030944824219,5034900,0.0,0,DOW
2020-06-15,35.92776624171539,38.63054007231982,35.7548628393396,38.20282745361328,5665300,0.0,0,DOW
2020-06-16,40.18667862408508,40.49608706863674,37.711411067671776,38.44853210449219,5592400,0.0,0,DOW
2020-06-17,38.85804171883024,38.945404670285235,37.338299199124364,37.465702056884766,3525100,0.0,0,DOW
2020-06-18,36.992498325269864,38.21193132747802,36.74679128697403,37.83882141113281,4106800,0.0,0,DOW
2020-06-19,38.79433885416063,39.131046890275385,37.73871075132818,37.90251541137695,7494400,0.0,0,DOW
2020-06-22,37.729615367557415,38.339333594681115,37.01069517119812,37.98442459106445,3316000,0.0,0,DOW
2020-06-23,38.65783755500489,38.65783755500489,37.611311538372384,37.62950897216797,3603900,0.0,0,DOW
2020-06-24,36.946994857334026,37.05620030136029,34.87214002138854,34.99044418334961,7707200,0.0,0,DOW
2020-06-25,34.58093012014579,36.42827869727333,34.28972256527252,36.38277816772461,5986900,0.0,0,DOW
2020-06-26,36.000571127172236,36.40098066475606,35.24524911207389,36.21897506713867,8333800,0.0,0,DOW
2020-06-29,36.728597996981385,37.48846779969833,36.57389199050287,37.29281234741211,7756700,0.0,0,DOW
2020-06-30,36.93789166031933,37.26550100973608,36.18256971900098,37.092594146728516,4835300,0.0,0,DOW
2020-07-01,37.083499908447266,37.58401270985048,36.70129126894711,37.083499908447266,4023600,0.0,0,DOW
2020-07-02,37.91162090201706,38.44853550112823,37.22910252034023,37.84791946411133,4017500,0.0,0,DOW
2020-07-06,38.794347451476916,38.930849050789774,37.8206214628789,38.63054275512695,4679000,0.0,0,DOW
2020-07-07,37.984426887525,38.28473318894576,37.46570969149237,37.93892288208008,4535900,0.0,0,DOW
2020-07-08,37.75691705576965,38.020821515627446,36.06881859704468,36.719486236572266,4824200,0.0,0,DOW
2020-07-09,36.7558890210689,36.87419317814915,35.64565801954962,35.89136505126953,3671900,0.0,0,DOW
2020-07-10,35.891362179845586,37.14719686212054,35.87589331979175,37.092594146728516,3007800,0.0,0,DOW
2020-07-13,37.40200877364,38.07542848892176,36.855995415333474,37.529415130615234,3089000,0.0,0,DOW
2020-07-14,37.602210643229085,38.839844471957434,37.5294104911398,38.621437072753906,4350800,0.0,0,DOW
2020-07-15,39.722569706264345,40.13207794267435,38.72609179567283,39.43136215209961,3788300,0.0,0,DOW
2020-07-16,39.30394931430385,40.282226157157965,38.98544218940591,39.88636779785156,4259800,0.0,0,DOW
2020-07-17,40.10477962288903,40.1775832495306,39.09465186777925,39.74076843261719,4610600,0.0,0,DOW
2020-07-20,39.440463989821836,39.745321379790674,38.3302329320629,38.49403762817383,3580900,0.0,0,DOW
2020-07-21,38.6760359552936,39.52235890215036,38.63053543081616,39.167449951171875,3399600,0.0,0,DOW
2020-07-22,39.0764510577375,40.49609053754625,39.026399432164666,40.350486755371094,5792500,0.0,0,DOW
2020-07-23,39.13105168941558,39.31305727528782,38.111825268585974,38.967247009277344,6574300,0.0,0,DOW
2020-07-24,38.96725025397668,39.56786630733931,38.494037079892784,38.776145935058594,2999600,0.0,0,DOW
2020-07-27,38.958152502648524,40.477891845275735,38.61234219926369,40.041080474853516,4733600,0.0,0,DOW
2020-07-28,39.80447003278703,40.05927576191498,38.75794055135262,38.785240173339844,3395400,0.0,0,DOW
2020-07-29,38.949044610232285,39.709827166286836,38.89444536659143,39.60426330566406,3186900,0.0,0,DOW
2020-07-30,38.82164580293136,38.97635177617032,37.62041371676781,37.97532272338867,4118700,0.0,0,DOW
2020-07-31,37.756919038475914,38.14822639015173,36.93789557806591,37.36560821533203,7462100,0.0,0,DOW
2020-08-03,37.511208219432866,37.52940912465944,36.47378092179245,36.482879638671875,5079900,0.0,0,DOW
2020-08-04,36.437380782357366,38.0981761421679,36.3099779113964,37.602210998535156,5408800,0.0,0,DOW
2020-08-05,38.13003078601142,38.65784323026335,37.99352571223048,38.21193313598633,3563600,0.0,0,DOW
2020-08-06,37.93891971164784,38.509507538161095,37.36196521294875,38.26652908325195,3724900,0.0,0,DOW
2020-08-07,37.838824534694,38.82620039255175,37.71505974496189,38.794349670410156,2913100,0.0,0,DOW
2020-08-10,38.958149587129235,40.850998717303305,38.958149587129235,40.76909637451172,4245900,0.0,0,DOW
2020-08-11,41.44251624110032,41.9248281114825,40.35048615529295,40.496089935302734,4373800,0.0,0,DOW
2020-08-12,41.151312314019194,41.29691610688324,39.977379781351935,40.2958869934082,2577300,0.0,0,DOW
2020-08-13,39.91367839064446,40.83280168338907,39.77717331589023,40.43239212036133,2767100,0.0,0,DOW
2020-08-14,39.99557713740244,41.07850503368762,39.88637517031965,40.83279800415039,1998300,0.0,0,DOW
2020-08-17,41.042105242413804,41.35151372394527,40.23218395967596,40.45969009399414,3257300,0.0,0,DOW
2020-08-18,40.41418816675186,40.978402388379166,40.323187104752236,40.68719482421875,2447100,0.0,0,DOW
2020-08-19,40.668993725364906,41.04210363214925,40.26858419440327,40.62349319458008,3453400,0.0,0,DOW
2020-08-20,40.05928194202905,40.168483918292694,39.61336837579448,39.75897216796875,3324000,0.0,0,DOW
2020-08-21,39.58606259796548,39.92277066414412,39.35855649108062,39.667964935302734,2511600,0.0,0,DOW
2020-08-24,40.31408495988854,41.997632380472204,40.0592792088357,41.97032928466797,4609000,0.0,0,DOW
2020-08-25,42.234237865114956,42.46174399528073,41.38154463930795,41.48801803588867,4188000,0.0,0,DOW
2020-08-26,41.569916241599785,42.461739766455466,41.20590508099973,42.1705322265625,3928500,0.0,0,DOW
2020-08-27,42.4799461215775,42.72565316578526,41.68822573788682,42.00673294067383,3702300,0.0,0,DOW
2020-08-28,41.96053094522429,42.69976003255379,41.55395582842365,42.55191421508789,3772900,0.7,0,DOW
2020-08-31,42.49647709441869,42.607360583744224,41.66484211217074,41.692562103271484,3916800,0.0,0,DOW
2020-09-01,41.387632840598414,43.68848381744762,41.09194117710714,43.67924499511719,5428300,0.0,0,DOW
2020-09-02,44.05809525849798,45.53655341149901,43.817843605558885,45.48111343383789,7305900,0.0,0,DOW
2020-09-03,45.53654960363645,46.01704934441195,44.279858516211604,44.71415710449219,6726900,0.0,0,DOW
2020-09-04,45.54579486974768,45.92464998437555,44.427710693031564,44.908206939697266,5325900,0.0,0,DOW
2020-09-08,44.067330181181305,44.737259226337066,43.83170324712284,44.289100646972656,4280800,0.0,0,DOW
2020-09-09,44.88048819685324,46.09097824299821,44.81580587243321,45.490352630615234,4168100,0.0,0,DOW
2020-09-10,45.55503509872955,45.970852560543044,44.96365183078249,45.000614166259766,4211300,0.0,0,DOW
2020-09-11,45.47186827079497,46.58995240004837,45.31478364392294,46.06325149536133,6225700,0.0,0,DOW
2020-09-14,46.26654538207996,46.673120507998895,45.920031409161496,46.28502655029297,5298900,0.0,0,DOW
2020-09-15,46.76552598457159,47.643362080774295,46.56223666073536,47.190582275390625,4771700,0.0,0,DOW
2020-09-16,46.377428378839284,47.21830213661721,45.67516161874045,45.924652099609375,5863500,0.0,0,DOW
2020-09-17,45.619713481778284,47.35690432496998,45.13921373685624,47.098175048828125,5253700,0.0,0,DOW
2020-09-18,46.69159656754485,47.338423284539225,46.432867290715905,46.54375076293945,6271100,0.0,0,DOW
2020-09-21,45.31478918442555,45.58276084235941,43.59607927481181,44.270626068115234,6468800,0.0,0,DOW
2020-09-22,44.335306631015136,44.49701244404757,43.61455870725781,44.16897964477539,4181900,0.0,0,DOW
2020-09-23,44.0580964641055,44.46467158607575,42.940012234995535,43.18950271606445,4018000,0.0,0,DOW
2020-09-24,43.12481155102908,43.420506678203196,42.21925557851657,42.88456344604492,4648700,0.0,0,DOW
2020-09-25,42.293188334941135,42.87533283043004,42.1638236748153,42.54267883300781,4090200,0.0,0,DOW
2020-09-28,42.96773487564513,44.61252015796341,42.96773487564513,43.873291015625,3993100,0.0,0,DOW
2020-09-29,43.642277912952686,44.15049768403786,42.74596067263656,43.032413482666016,2716800,0.0,0,DOW
2020-09-30,43.605312974118725,44.46466782797251,43.06937324613325,43.475948333740234,4663200,0.0,0,DOW
2020-10-01,43.623800468769566,43.891772134095994,42.44103384239442,42.60736083984375,3407600,0.0,0,DOW
2020-10-02,41.92356733444134,43.86404759519545,41.701800377449125,43.71620178222656,4559000,0.0,0,DOW
2020-10-05,44.2613867339544,45.1697134264744,44.07657857459001,44.889732360839844,3913400,0.0,0,DOW
2020-10-06,45.388701055932465,46.007807741675784,44.22441586882664,44.242897033691406,4474700,0.0,0,DOW
2020-10-07,44.76960369608625,45.333266960271374,44.353786245054415,44.63099670410156,4506400,0.0,0,DOW
2020-10-08,44.92668938313622,45.65667964483931,44.79363061562597,45.62895965576172,2962000,0.0,0,DOW
2020-10-09,46.01705640140381,46.285028061860174,45.000616790950595,45.61048126220703,4472800,0.0,0,DOW
2020-10-12,45.64744264180363,45.739844959024595,44.59588777519194,44.889732360839844,3005700,0.0,0,DOW
2020-10-13,44.79731787994717,45.2593364268009,44.168972374232354,44.242897033691406,6832200,0.0,0,DOW
2020-10-14,44.20594058766097,45.25010362950396,43.81784312368972,45.1207389831543,5322100,0.0,0,DOW
2020-10-15,44.24290405498035,45.34712827520592,44.20594171938496,45.28706359863281,2793200,0.0,0,DOW
2020-10-16,45.61972078153393,46.19724409742051,45.39795380219013,45.55503845214844,2754300,0.0,0,DOW
2020-10-19,45.582757970845805,46.50679519523022,45.03757586746211,45.12997817993164,2903500,0.0,0,DOW
2020-10-20,45.60123787569147,46.340470511810345,45.471873221847396,45.59199905395508,2503600,0.0,0,DOW
2020-10-21,45.62895973961072,45.93851136795362,44.86200714111328,44.86200714111328,4092500,0.0,0,DOW
2020-10-22,46.02629435368062,46.349705964784775,43.56835553452242,45.11149597167969,5244000,0.0,0,DOW
2020-10-23,45.75832721953787,46.15566353793142,44.732645259262554,44.843528747558594,3123400,0.0,0,DOW
2020-10-26,44.29834227221582,44.48315041792277,43.260651002303476,43.568355560302734,4026400,0.0,0,DOW
2020-10-27,43.355825102923234,43.605315577802635,42.86608649941308,43.032413482666016,4141200,0.0,0,DOW
2020-10-28,41.526226824593074,42.22849700840934,40.96256714340295,41.74799728393555,6157100,0.0,0,DOW
2020-10-29,41.23978542400322,43.11558000311205,41.18434191738331,42.736724853515625,4300100,0.0,0,DOW
2020-10-30,42.37634712733455,42.681277574486295,41.33218409027821,42.034454345703125,5165900,0.0,0,DOW
2020-11-02,42.73672362494203,44.40923234820914,42.394830822920774,44.187461853027344,3675800,0.0,0,DOW
2020-11-03,44.584794329260276,45.30554220805873,44.03961224724239,45.0283317565918,3293500,0.0,0,DOW
2020-11-04,44.30758757516628,44.66796154463794,42.73857057855849,42.921531677246094,4542300,0.0,0,DOW
2020-11-05,43.33734992045323,45.69364428373599,43.31886875182906,45.25010681152344,4253000,0.0,0,DOW
2020-11-06,45.49034802346736,46.03553007759465,44.3824262789563,44.56631088256836,3061500,0.0,0,DOW
2020-11-09,47.67108517354296,50.06434195796484,47.6248840128243,48.160823822021484,9208300,0.0,0,DOW
2020-11-10,48.3548655266767,49.620795429313645,48.114613894837234,49.399024963378906,6148700,0.0,0,DOW
2020-11-11,49.435993126968995,49.53301661572283,48.068418412989324,48.24398422241211,4118500,0.0,0,DOW
2020-11-12,47.809687633673875,48.11461808535468,46.70084225726983,47.16286087036133,3467600,0.0,0,DOW
2020-11-13,46.451352773877645,48.1700626152205,46.38667044865914,48.022216796875,3482900,0.0,0,DOW
2020-11-16,49.48219689944503,49.84257088383702,48.17930444245415,49.83333206176758,4075600,0.0,0,DOW
2020-11-17,49.12182003257603,50.41547359158565,48.81688957326179,50.341548919677734,4795000,0.0,0,DOW
2020-11-18,50.49863256481566,52.00019296054533,50.38774556687944,51.0992546081543,5903500,0.0,0,DOW
2020-11-19,50.738882744833305,51.274826015265845,49.8240843616517,51.1362190246582,3514000,0.0,0,DOW
2020-11-20,50.886728331044885,51.210139941133455,50.1567380969339,50.57255554199219,2871700,0.0,0,DOW
2020-11-23,51.08077885693379,52.014058468096536,51.08077885693379,51.690643310546875,4560700,0.0,0,DOW
2020-11-24,52.670122581098326,53.76048680424468,52.309748622162594,53.344669342041016,4442800,0.0,0,DOW
2020-11-25,53.085939570726175,53.085939570726175,51.898551871122926,52.1434211730957,4158500,0.0,0,DOW
2020-11-27,52.31183626690524,52.44282580667886,51.46975555522158,51.834659576416016,2847400,0.7,0,DOW
2020-11-30,51.35747985836505,51.46040123190042,49.401984468784946,49.59846878051758,8760600,0.0,0,DOW
2020-12-01,50.927083602716216,50.927083602716216,49.49554997588476,50.08500289916992,4328700,0.0,0,DOW
2020-12-02,49.88851371422375,50.11774538420235,49.29905727936759,49.77623748779297,3723000,0.0,0,DOW
2020-12-03,49.57975404569418,50.42089598249681,49.40197948418041,50.15049362182617,3213800,0.0,0,DOW
2020-12-04,50.34698692841375,51.553964544389444,50.3376284930077,51.50718307495117,3294500,0.0,0,DOW
2020-12-07,51.39491094519527,51.404265812152225,49.607831543817,49.78560256958008,3602700,0.0,0,DOW
2020-12-08,49.495553875221674,51.15164010733638,49.40198736234675,51.039363861083984,3161500,0.0,0,DOW
2020-12-09,51.40425965238651,52.162132276198314,50.852229768937775,51.14228057861328,3219100,0.0,0,DOW
2020-12-10,51.14228349493524,51.56332386550664,50.5621854117021,50.927085876464844,3402000,0.0,0,DOW
2020-12-11,50.79609490189317,50.94579774397048,50.12243032794665,50.524757385253906,2674800,0.0,0,DOW
2020-12-14,51.08614070350889,51.23584354134521,49.617180491865824,49.6452522277832,3121900,0.0,0,DOW
2020-12-15,50.384413962753065,50.665109940063424,49.72946620022253,50.64639663696289,2335500,0.0,0,DOW
2020-12-16,50.552821815232974,50.62767501533613,49.813666094797966,50.36569595336914,1948800,0.0,0,DOW
2020-12-17,50.71188308085367,50.83351774642278,50.136460704951,50.36569595336914,2222300,0.0,0,DOW
2020-12-18,51.56331955302848,52.16213088811649,50.74931061746803,52.07792282104492,11536700,0.0,0,DOW
2020-12-21,50.57153627459431,51.647527850963236,50.27213060571197,51.53525161743164,4458800,0.0,0,DOW
2020-12-22,51.4697531850512,51.71302252131166,50.936436615276406,51.151634216308594,2268300,0.0,0,DOW
2020-12-23,51.47911423545933,52.180846975469635,51.207776719381336,51.22649002075195,2251600,0.0,0,DOW
2020-12-24,51.38554329554763,51.43045450112313,50.838192662167174,51.263912200927734,1074700,0.0,0,DOW
2020-12-28,51.71302330636868,52.1808451163747,50.69317161778768,50.79609298706055,3668200,0.0,0,DOW
2020-12-29,50.99258433549001,51.291990049722216,50.38441447078217,50.833526611328125,2222000,0.0,0,DOW
2020-12-30,50.852226924206974,52.07792129358837,50.80544545924979,51.900150299072266,3790000,0.0,0,DOW
2020-12-31,51.90015448884922,52.48960741944947,51.56332220325062,51.92822265625,2663500,0.0,0,DOW
2021-01-04,52.22762792436179,52.50925543341174,50.197282930025814,50.56218338012695,4852800,0.0,0,DOW
2021-01-05,50.65574367056425,52.55509902658374,50.52475413831422,52.20891189575195,3112800,0.0,0,DOW
2021-01-06,53.28491020765013,55.39946343010949,52.91065129450099,54.66966247558594,6208400,0.0,0,DOW
2021-01-07,55.20297378186073,55.92341980019884,54.36557231059494,54.7445068359375,4437600,0.0,0,DOW
2021-01-08,54.613516616845935,55.07198355703652,54.0334185769534,54.46381378173828,4063500,0.0,0,DOW
2021-01-11,53.98663689490106,55.15619140488939,53.56559655746583,55.071983337402344,3455900,0.0,0,DOW
2021-01-12,55.502385972554954,57.27075205738003,55.20298026344159,57.1116943359375,6235000,0.0,0,DOW
2021-01-13,56.84035157999516,57.364313307454275,55.82049986155328,56.16668701171875,3236300,0.0,0,DOW
2021-01-14,56.335103948120434,56.606441466301796,55.595944599639054,55.8111457824707,3578800,0.0,0,DOW
2021-01-15,54.84742541926985,55.03455484828716,53.45331848994474,53.621734619140625,6692900,0.0,0,DOW
2021-01-19,54.04277489551555,54.45446038002725,52.704807778444206,53.846290588378906,4919300,0.0,0,DOW
2021-01-20,54.145696473441554,54.85678763893368,53.54688511462538,54.8006477355957,3724400,0.0,0,DOW
2021-01-21,54.74451050188341,54.98777985901382,53.62174093394965,53.85565185546875,3442000,0.0,0,DOW
2021-01-22,53.32233425517105,54.06616925864971,53.21005444509336,53.79951095581055,2621500,0.0,0,DOW
2021-01-25,53.200699287905515,53.724657455279925,52.07792617765028,53.5468864440918,3682400,0.0,0,DOW
2021-01-26,54.1644103316258,54.50124261672347,52.11535202287803,52.15277862548828,3060300,0.0,0,DOW
2021-01-27,51.12356314033511,51.53524858774373,49.270989334587036,50.889652252197266,6283500,0.0,0,DOW
2021-01-28,50.65575018174885,51.32005636308941,49.589116917242045,50.880306243896484,5817000,0.0,0,DOW
2021-01-29,50.38440823580896,51.18438668333727,48.42891289904498,48.559906005859375,8895400,0.0,0,DOW
2021-02-01,49.018373230354136,49.439413612272304,48.02659318538855,49.35520553588867,4128300,0.0,0,DOW
2021-02-02,50.11307581491603,51.3387667276855,49.46747940393625,51.09550094604492,5229500,0.0,0,DOW
2021-02-03,50.814805673983905,51.829978132827605,50.56124634168407,51.787872314453125,3984200,0.0,0,DOW
2021-02-04,51.90015949270443,52.74223671869091,51.2919896329384,52.714168548583984,4312200,0.0,0,DOW
2021-02-05,53.08842585460639,54.10827764470834,52.807729885303225,53.55624771118164,3732500,0.0,0,DOW
2021-02-08,54.03342333402821,54.51060004757016,53.52817488260913,53.65916442871094,2543200,0.0,0,DOW
2021-02-09,53.79950867237074,53.81354275573546,52.74223037212981,52.957427978515625,4209500,0.0,0,DOW
2021-02-10,53.331685258823946,54.62287442762329,52.84515015798365,53.95856475830078,3453000,0.0,0,DOW
2021-02-11,54.089557860570814,54.21118895888307,53.04163445759307,53.95856475830078,2326500,0.0,0,DOW
2021-02-12,53.85565060672152,54.51995675182516,53.7480500148708,54.40768051147461,1975100,0.0,0,DOW
2021-02-16,55.10941460062403,55.53513062229316,54.77258230217961,54.96906661987305,4072700,0.0,0,DOW
2021-02-17,54.81000961238791,55.11877017714144,53.90243408202011,54.7725830078125,3277800,0.0,0,DOW
2021-02-18,54.548026184414745,54.88953770027949,53.425253047283576,53.85565185546875,3112600,0.0,0,DOW
2021-02-19,54.03342223449921,56.634510509012465,54.03342223449921,56.50352096557617,4037100,0.0,0,DOW
2021-02-22,56.71871342932048,58.53386427829926,56.325744834715,58.45901107788086,5672600,0.0,0,DOW
2021-02-23,58.88941229011801,58.91748402774186,57.55144153409776,58.12218475341797,4147200,0.0,0,DOW
2021-02-24,58.009908030995064,59.86248208497154,57.956577083746716,59.59114456176758,4668600,0.0,0,DOW
2021-02-25,59.10865854319004,59.44639741546362,57.826773046150564,58.03963088989258,3260300,0.7,0,DOW
2021-02-26,57.56661546354579,57.75582445781467,55.62723139222793,56.10971450805664,6399700,0.0,0,DOW
2021-03-01,57.850431495796144,58.90999682478381,57.301725766317695,58.21938705444336,4083800,0.0,0,DOW
2021-03-02,58.85323095174469,60.58448833785931,58.465354146326966,59.34517288208008,7316000,0.0,0,DOW
2021-03-03,59.127581646164735,59.969557831388336,58.664019818159886,58.89107131958008,5390300,0.0,0,DOW
2021-03-04,58.711324057293396,59.24110487273567,56.84762155161246,57.897727966308594,6050400,0.0,0,DOW
2021-03-05,58.768087438104914,59.63844735355214,57.47201180379274,59.51546096801758,3883800,0.0,0,DOW
2021-03-08,59.7614293685339,60.80207339294674,59.13704223211394,60.01686096191406,4437600,0.0,0,DOW
2021-03-09,60.23444990316175,60.27229242258541,58.56941874599505,58.90053176879883,5823200,0.0,0,DOW
2021-03-10,59.24110802308435,60.98182424252281,59.00459768679576,60.63178634643555,4238500,0.0,0,DOW
2021-03-11,60.85883911251476,61.74811303451865,60.754773991154345,60.8493766784668,3651800,0.0,0,DOW
2021-03-12,61.18995539219785,61.53999329342732,60.43312302672846,60.8682975769043,2690800,0.0,0,DOW
2021-03-15,60.61286713182441,60.82099737722529,59.08028120268852,59.50600051879883,5353300,0.0,0,DOW
2021-03-16,59.307335030191965,60.385825275154545,58.52212253204506,59.770896911621094,6461600,0.0,0,DOW
2021-03-17,60.05470181771777,62.675236674767625,59.77089014700049,62.44818878173828,5138900,0.0,0,DOW
2021-03-18,62.495490429908415,63.64019961850301,61.142650985619746,61.22779846191406,4203500,0.0,0,DOW
2021-03-19,61.22779299902352,61.30347803392726,59.27894665658527,60.46149826049805,6445800,0.0,0,DOW
2021-03-22,60.35743312992789,60.35743312992789,59.032977499125735,60.08308029174805,4631100,0.0,0,DOW
2021-03-23,59.28840527654177,59.305435491994565,57.140894747058454,57.472007751464844,5523500,0.0,0,DOW
2021-03-24,58.27614520069635,59.997940153749106,58.089776384456734,58.692405700683594,4322600,0.0,0,DOW
2021-03-25,58.153165899143914,59.89388221609521,57.945035636715126,59.827659606933594,3921200,0.0,0,DOW
2021-03-26,59.96955871149498,60.67908970166196,59.68574703720044,60.53718566894531,4256300,0.0,0,DOW
2021-03-29,60.18715140105812,61.606217075579885,60.0736274462865,60.45204544067383,3193700,0.0,0,DOW
2021-03-30,60.281753516098334,61.29401743056821,60.05470201346772,61.12372970581055,2605100,0.0,0,DOW
2021-03-31,60.8020751958882,61.45484604572541,60.08308534824215,60.48988342285156,3643800,0.0,0,DOW
2021-04-01,60.49934454953879,61.22779681602483,60.0547039639127,61.1142692565918,3698900,0.0,0,DOW
2021-04-05,61.49268923474534,61.700819491606296,60.783158205113665,61.10480880737305,4077900,0.0,0,DOW
2021-04-06,60.77369379601533,61.86164278298333,60.66962867096571,61.1142692565918,3420300,0.0,0,DOW
2021-04-07,61.01020272019539,61.46430572970014,60.224990301018444,60.53718566894531,2374000,0.0,0,DOW
2021-04-08,60.414199292663476,60.57502458486344,59.24110646757529,59.78034973144531,3638900,0.0,0,DOW
2021-04-09,59.7803526465989,60.13039055056453,59.16542792372517,59.73305130004883,3721000,0.0,0,DOW
2021-04-12,60.16822652405253,60.688552137276396,59.8844148497512,60.34797668457031,3143800,0.0,0,DOW
2021-04-13,60.15877319047903,60.24391706142811,59.08028656436517,59.893882751464844,4471600,0.0,0,DOW
2021-04-14,60.15877216096004,61.28456011636591,59.94118307422755,60.77369689941406,4234400,0.0,0,DOW
2021-04-15,61.37916224226913,61.41700476366139,60.35743942670846,61.08589172363281,2632500,0.0,0,DOW
2021-04-16,61.74811761398343,61.975172741639405,60.79262101822548,61.18995666503906,3698800,0.0,0,DOW
2021-04-19,61.303481158030735,61.530529056590424,60.489881426797794,61.06697082519531,2566600,0.0,0,DOW
2021-04-20,60.54664880857565,60.59395376504654,58.919456467009496,59.108665466308594,4532200,0.0,0,DOW
2021-04-21,59.08973733217569,61.511600693136266,59.00932468970715,61.32239532470703,4283500,0.0,0,DOW
2021-04-22,60.54664630324971,60.5939512577632,57.443631835043796,57.64229965209961,12028900,0.0,0,DOW
2021-04-23,57.80312130777415,59.11812173077776,57.18819663531083,58.75862503051758,5682300,0.0,0,DOW
2021-04-26,58.99513936033438,59.43031751666021,58.58834128976764,58.843772888183594,4871600,0.0,0,DOW
2021-04-27,58.90999258142408,59.45869466251739,58.38967058468662,59.26948928833008,3781300,0.0,0,DOW
2021-04-28,59.62898870358908,60.60814502393419,59.316796916016855,59.893882751464844,5584300,0.0,0,DOW
2021-04-29,60.37635710163314,61.19941565315642,60.0121327792331,60.6034049987793,4366000,0.0,0,DOW
2021-04-30,60.02631865390111,60.272287793541324,58.938369761626234,59.12757873535156,4932300,0.0,0,DOW
2021-05-03,59.77089160287707,61.52580144831384,59.71412782380651,61.06697082519531,6327800,0.0,0,DOW
2021-05-04,60.783159336019175,62.694159768917686,60.35743998854713,62.6468620300293,7367200,0.0,0,DOW
2021-05-05,62.902286642734694,64.55313137855131,62.57117361745242,64.39703369140625,7467100,0.0,0,DOW
2021-05-06,64.34973102312823,65.36199500364675,63.5455972995295,65.314697265625,4670600,0.0,0,DOW
2021-05-07,64.66192640850794,65.57958769526007,64.12268311454429,65.314697265625,5174900,0.0,0,DOW
2021-05-10,65.9863900566338,66.79052383241728,64.95520835753196,65.02143096923828,5039000,0.0,0,DOW
2021-05-11,64.1794427796379,65.18225153525418,63.573976883054364,64.87005615234375,5693400,0.0,0,DOW
2021-05-12,65.04033767351088,65.37145067630433,63.76318339546637,63.952388763427734,4886200,0.0,0,DOW
2021-05-13,63.819953489744115,64.89844013387521,63.68750826802439,64.40650177001953,3068400,0.0,0,DOW
2021-05-14,64.80384344259949,66.2607482342972,64.68086064466567,66.06208038330078,4817200,0.0,0,DOW
2021-05-17,65.82554946271557,67.24461128501642,65.72148435166244,67.08378601074219,3607500,0.0,0,DOW
2021-05-18,67.16892574875163,67.52841880930883,65.75932637019763,65.77824401855469,3523800,0.0,0,DOW
2021-05-19,64.8038303009042,65.19171070589815,63.64019630364483,64.85113525390625,4398500,0.0,0,DOW
2021-05-20,64.76598760260157,65.0119603656303,64.19836425676193,64.5767822265625,3126500,0.0,0,DOW
2021-05-21,64.97412779879963,65.8444842102455,64.85114500730951,65.11603546142578,3855700,0.0,0,DOW
2021-05-24,65.83500784520646,66.232350660034,65.36672204066139,65.79717254638672,3420100,0.0,0,DOW
2021-05-25,65.71203291007761,66.64861184849387,65.23901222352272,65.314697265625,4419400,0.0,0,DOW
2021-05-26,65.11603244679019,65.88232368468195,64.52948417002813,65.81610107421875,6059200,0.0,0,DOW
2021-05-27,66.24613964829044,66.85775951453572,65.21402838984507,65.61540985107422,6256600,0.7,0,DOW
2021-05-28,66.01677675274243,66.10278236926833,64.7075242473221,65.38603973388672,3815200,0.0,0,DOW
2021-06-01,66.10279137772548,67.40248545029249,65.79698143659701,67.28781127929688,4139100,0.0,0,DOW
2021-06-02,67.20179254865367,67.20179254865367,65.80653435721803,65.89253997802734,4797800,0.0,0,DOW
2021-06-03,66.27480548925402,67.56494086418921,65.40611662133719,67.47893524169922,4322500,0.0,0,DOW
2021-06-04,67.85164162077953,67.98543300688593,66.78130324084471,67.24958038330078,3041900,0.0,0,DOW
2021-06-07,67.24958238661955,67.34514662367323,65.83520688853967,66.16968536376953,2803900,0.0,0,DOW
2021-06-08,65.9594373520866,66.62840157014617,65.2809218144157,66.30347442626953,3469400,0.0,0,DOW
2021-06-09,66.17924503679265,66.42771788998667,65.43383376829465,65.78742218017578,3379200,0.0,0,DOW
2021-06-10,66.88643463726893,67.0584531972675,64.93689338764673,64.9751205444336,4022000,0.0,0,DOW
2021-06-11,65.43383247908957,65.9594394265056,64.83176393479259,64.98467254638672,2726100,0.0,0,DOW
2021-06-14,64.82221552877937,65.15669401782216,63.67542276352433,63.99079132080078,3712800,0.0,0,DOW
2021-06-15,63.94301410165044,64.43517687899728,63.4938541399356,64.23926544189453,3255000,0.0,0,DOW
2021-06-16,64.03857997416213,64.14370283132732,62.30883578240712,62.681541442871094,5428800,0.0,0,DOW
2021-06-17,62.85355746115794,62.88223329556802,59.56610235064202,60.72244644165039,5696100,0.0,0,DOW
2021-06-18,59.77634499029713,60.254173493250015,59.13605654620051,59.23162078857422,8745300,0.0,0,DOW
2021-06-21,60.34018053595064,61.11330886246225,60.00570205448209,60.3115119934082,5260000,0.0,0,DOW
2021-06-22,60.64599220550942,60.99002930800446,59.90058091379827,60.68421936035156,4019100,0.0,0,DOW
2021-06-23,61.16204990650821,61.420074096474096,60.30195712148103,60.3497428894043,3254400,0.0,0,DOW
2021-06-24,60.951800413802836,60.99958617876294,59.97702986639763,60.3115119934082,4253700,0.0,0,DOW
2021-06-25,60.445304797260505,61.03781111207079,60.311513401549355,60.4835319519043,4259700,0.0,0,DOW
2021-06-28,60.493085183815346,60.493085183815346,59.413191792106176,60.11082458496094,2727000,0.0,0,DOW
2021-06-29,60.47397512476179,60.98047582488107,59.80501812646841,60.187278747558594,2652900,0.0,0,DOW
2021-06-30,60.06303952892171,60.79889583846467,59.96747528946608,60.47397232055664,3356500,0.0,0,DOW
2021-07-01,61.372293565341636,61.56342204846809,60.607765050667275,60.68421936035156,3324700,0.0,0,DOW
2021-07-02,60.5217526611138,60.94224038078813,60.01525202988008,60.69376754760742,3172800,0.0,0,DOW
2021-07-06,60.58865483744235,60.63643695800208,58.68211651089248,59.183837890625,3727000,0.0,0,DOW
2021-07-07,58.964032521561386,59.71900236109495,58.384905392149314,59.48964309692383,3424300,0.0,0,DOW
2021-07-08,58.295074257390375,59.26984478899538,57.96059578134344,58.686893463134766,4251300,0.0,0,DOW
2021-07-09,59.470533916459026,60.846678666568295,59.3462974872867,60.28284454345703,5063200,0.0,0,DOW
2021-07-12,59.78590016414832,60.77978062252977,59.226838077227676,60.41663360595703,3100400,0.0,0,DOW
2021-07-13,60.607763535409504,60.86579135582981,59.556542322327104,59.91969299316406,3074500,0.0,0,DOW
2021-07-14,60.14905158984143,60.82279153951226,59.41319524620029,59.55654525756836,2571700,0.0,0,DOW
2021-07-15,59.05959959339403,59.93880589517138,58.95447674416111,59.16472244262695,2745800,0.0,0,DOW
2021-07-16,58.58177066861999,58.98314848578707,57.14828523474409,57.34897232055664,6961300,0.0,0,DOW
2021-07-19,55.561899310186874,55.886822847198474,54.525012304408065,55.227420806884766,7815400,0.0,0,DOW
2021-07-20,55.561895899154955,56.56533499300086,55.07259853675551,56.02061080932617,6771700,0.0,0,DOW
2021-07-21,56.88070329208867,57.38720031961721,56.43632265521524,57.081390380859375,7428300,0.0,0,DOW
2021-07-22,55.96327419400349,58.18995306700582,55.42810497153831,57.798133850097656,7111300,0.0,0,DOW
2021-07-23,58.142171092488525,58.56265885334343,57.14828695351284,57.444541931152344,4690500,0.0,0,DOW
2021-07-26,57.53054771955453,59.28895661059914,57.53054771955453,59.260284423828125,6534300,0.0,0,DOW
2021-07-27,58.78246191510982,59.65210966072733,58.16128703712145,59.20295333862305,3568500,0.0,0,DOW
2021-07-28,59.08827185336751,59.537428147626315,58.35241555338103,59.126495361328125,4113600,0.0,0,DOW
2021-07-29,59.67121461202864,60.139488089913364,59.260281859662975,59.824119567871094,3708600,0.0,0,DOW
2021-07-30,59.71900164644437,60.42140640994008,58.93058397006469,59.40363311767578,4646800,0.0,0,DOW
2021-08-02,59.537433027758865,60.77023148770281,58.476653127134654,58.50532531738281,3714500,0.0,0,DOW
2021-08-03,58.43842385499544,59.5087586164905,57.487542566512765,59.47053146362305,4819700,0.0,0,DOW
2021-08-04,59.00226135458015,59.441862674098566,58.27596003529222,58.285518646240234,3340100,0.0,0,DOW
2021-08-05,58.572215855759026,59.05959930050866,58.19951022526661,58.295074462890625,3037100,0.0,0,DOW
2021-08-06,58.878022994387024,59.60432064424306,58.82068226721083,59.250728607177734,3142800,0.0,0,DOW
2021-08-09,58.98315584347761,59.46576004162673,58.63911871314472,59.07872009277344,3178100,0.0,0,DOW
2021-08-10,59.26984283764453,60.75111034007886,59.19338853389837,60.32106399536133,3560000,0.0,0,DOW
2021-08-11,60.607764755505244,61.44874757576827,60.41663627330959,61.39140319824219,3583600,0.0,0,DOW
2021-08-12,61.506078799298066,61.75455163533476,60.4959502121027,61.171600341796875,3581400,0.0,0,DOW
2021-08-13,61.13337775230972,61.25761053405604,60.54086780403725,60.86579132080078,2385600,0.0,0,DOW
2021-08-16,60.397525393006035,60.775010359620474,59.384527622640384,60.512203216552734,3163400,0.0,0,DOW
2021-08-17,59.910132640962736,60.08693048839327,58.42886510355805,59.5469856262207,3974300,0.0,0,DOW
2021-08-18,59.16472353552632,60.0439298535445,58.973591410257846,59.13605499267578,4574000,0.0,0,DOW
2021-08-19,58.33330189726266,58.66778037610052,57.48276778346753,57.865028381347656,3981600,0.0,0,DOW
2021-08-20,57.73124172265201,58.4002023807115,57.64523244310804,58.18995666503906,3203600,0.0,0,DOW
2021-08-23,58.772905716802555,59.65210841018555,58.73467856173143,59.308074951171875,3439900,0.0,0,DOW
2021-08-24,59.690332043948395,60.71288468575364,59.690332043948395,60.454856872558594,2896000,0.0,0,DOW
2021-08-25,60.49308708352788,61.33406626028473,60.034372163172,61.037811279296875,3246700,0.0,0,DOW
2021-08-26,61.00914156746373,61.69721211204748,60.65554950666777,60.82756805419922,3618500,0.0,0,DOW
2021-08-27,61.343619635442685,62.934789271991704,61.27672394311406,62.4808464050293,5348700,0.0,0,DOW
2021-08-30,62.78997318920082,63.10682388398632,61.77567435929755,61.80465316772461,3925000,0.7,0,DOW
2021-08-31,61.53417435896864,61.70805457923072,60.55851271360969,60.761375427246094,5450000,0.0,0,DOW
2021-09-01,60.69375695026582,60.85797511431587,59.70843691097737,60.41361618041992,3949200,0.0,0,DOW
2021-09-02,60.626133672916104,61.20573564772172,60.29769365935841,60.49089431762695,3414600,0.0,0,DOW
2021-09-03,60.326674237410785,60.68892407828595,59.573192062593186,60.00789260864258,3690400,0.0,0,DOW
2021-09-07,59.87265611684482,60.18177570102052,59.54421609803364,59.766395568847656,2514300,0.0,0,DOW
2021-09-08,59.72775707491389,59.998235783887765,58.452634211903806,58.62651443481445,4629000,0.0,0,DOW
2021-09-09,58.20147468301561,59.10951296143009,58.02759446385174,58.23045349121094,4439100,0.0,0,DOW
2021-09-10,58.781075647864554,59.35101557343859,58.28841746101059,58.35603713989258,4093300,0.0,0,DOW
2021-09-13,59.186793713003304,59.495913278602806,58.16766387845012,58.655494689941406,4549200,0.0,0,DOW
2021-09-14,59.15781522499841,59.215772840739106,57.49822572503387,57.62187576293945,4493600,0.0,0,DOW
2021-09-15,57.718474806744716,58.607192650033774,57.64119307167822,58.153175354003906,5167600,0.0,0,DOW
2021-09-16,58.095216017463855,58.2690962422481,57.06159672846644,57.447998046875,4650700,0.0,0,DOW
2021-09-17,56.80077884840559,57.15819768814745,55.51600122636233,55.78647994995117,9622900,0.0,0,DOW
2021-09-20,54.34713736789027,55.18755969617958,53.429440670671674,54.269859313964844,7683900,0.0,0,DOW
2021-09-21,54.665921114125084,54.92674146551382,53.33284054647031,53.64196014404297,6156400,0.0,0,DOW
2021-09-22,54.34713946352188,55.0426604006507,54.34231211840024,54.385780334472656,6823800,0.0,0,DOW
2021-09-23,54.83979638412684,56.071443632807934,54.6755745399718,55.47735595703125,7814100,0.0,0,DOW
2021-09-24,55.25517628592511,55.390415636480476,54.810817366958645,54.87843704223633,7964900,0.0,0,DOW
2021-09-27,54.946061947447745,58.32706077312937,54.946061947447745,57.660518646240234,12374000,0.0,0,DOW
2021-09-28,58.10487750210938,58.5830462730356,57.1292158410321,57.43833541870117,6681800,0.0,0,DOW
2021-09-29,57.438334204525184,57.5735735562721,56.77179582020281,56.82009506225586,4578800,0.0,0,DOW
2021-09-30,56.91669209227663,57.158191981368084,55.59327373185428,55.602935791015625,4929000,0.0,0,DOW
2021-10-01,55.70919368565624,57.003633262724335,55.30347563321498,56.5882568359375,6925300,0.0,0,DOW
2021-10-04,56.58825904627941,56.99397711456805,55.71885792138079,56.25981903076172,5652900,0.0,0,DOW
2021-10-05,56.279132581720575,57.42384338361425,56.124572799966636,57.090572357177734,5646200,0.0,0,DOW
2021-10-06,56.37573774280879,56.578596776198864,54.385777222659634,55.21653747558594,8699100,0.0,0,DOW
2021-10-07,55.92171499084131,57.44799609315287,55.82511650702238,56.520633697509766,7235900,0.0,0,DOW
2021-10-08,56.810438842688086,57.27411821697764,56.41437914683684,56.713836669921875,4260200,0.0,0,DOW
2021-10-11,57.23547643918348,57.747455049229764,56.23083596834138,56.25015640258789,4139000,0.0,0,DOW
2021-10-12,56.04729602474188,56.38539440344757,55.544975801382044,55.776817321777344,5443800,0.0,0,DOW
2021-10-13,55.95069458739852,56.076275566129475,54.72387834862785,54.97503662109375,7689800,0.0,0,DOW
2021-10-14,55.47735614922008,56.78145410763451,55.19721538674719,56.74281692504883,6430400,0.0,0,DOW
2021-10-15,57.44799555355533,57.699153820123044,56.839414793223696,56.9553337097168,4288200,0.0,0,DOW
2021-10-18,55.738175444178296,57.37071337676752,55.64157327701581,56.945674896240234,4660100,0.0,0,DOW
2021-10-19,57.08091844797699,57.25479867667588,56.54961938695088,57.17751693725586,3650600,0.0,0,DOW
2021-10-20,57.14853850951587,58.54730778540074,56.936986563682204,57.85371780395508,5875300,0.0,0,DOW
2021-10-21,58.027597285268556,59.090195400717,55.98933748318467,57.24513626098633,8916600,0.0,0,DOW
2021-10-22,57.61221268593873,58.143511702486606,56.39505487193821,56.41437530517578,5889500,0.0,0,DOW
2021-10-25,57.22581897309258,57.5107870915117,56.61723818215175,56.713836669921875,6293200,0.0,0,DOW
2021-10-26,56.71383666992187,57.72813553149252,56.20185805174726,56.713836669921875,6875200,0.0,0,DOW
2021-10-27,56.588258528441656,56.588258528441656,53.999379296874395,54.095977783203125,11512700,0.0,0,DOW
2021-10-28,54.33747543576358,54.92673575897743,54.29883456883247,54.6465950012207,5974400,0.0,0,DOW
2021-10-29,54.221557313065475,54.72387753552971,53.76753633247366,54.06699752807617,5894900,0.0,0,DOW
2021-11-01,54.10563879051195,56.00865928075275,54.10563879051195,55.48701858520508,7562000,0.0,0,DOW
2021-11-02,55.68021699754431,56.742818780815696,55.293819364078786,56.481998443603516,5929500,0.0,0,DOW
2021-11-03,56.50131706857086,57.559084103116476,56.11491576248377,57.042274475097656,6234300,0.0,0,DOW
2021-11-04,56.993977355497236,57.008466760140784,54.86394643298943,55.2261962890625,9047900,0.0,0,DOW
2021-11-05,55.29381907083456,56.74764582471989,55.29381907083456,56.32743835449219,4979100,0.0,0,DOW
2021-11-08,56.926358478787556,57.65085820113595,56.31294665026807,56.57859802246094,4894100,0.0,0,DOW
2021-11-09,56.54961871649606,57.10989658066392,56.40954832920507,56.79111862182617,4447800,0.0,0,DOW
2021-11-10,56.83941628836083,57.27411684288948,56.50131790428078,56.76213455200195,5103900,0.0,0,DOW
2021-11-11,57.071261512479694,57.94065899290566,57.0133002064528,57.65085983276367,4140400,0.0,0,DOW
2021-11-12,57.757116375023024,58.49127444208229,57.43833474149998,58.01793670654297,3499400,0.0,0,DOW
2021-11-15,58.442975781000726,58.75209535810055,57.7474548900281,57.882694244384766,3470400,0.0,0,DOW
2021-11-16,57.93099810812768,57.950318542633006,56.83941751105131,56.85873794555664,4004700,0.0,0,DOW
2021-11-17,56.68485863149884,56.97465778374654,56.19219675618122,56.35641860961914,3342400,0.0,0,DOW
2021-11-18,56.36607436307863,56.38539479699609,55.70919434986914,56.0086555480957,3801500,0.0,0,DOW
2021-11-19,55.496675733375085,55.56429540810973,54.12495443519543,55.39041519165039,7424300,0.0,0,DOW
2021-11-22,55.60293952980159,57.274118432486375,55.45803811260508,56.79111862182617,5309200,0.0,0,DOW
2021-11-23,57.322414091426786,57.689494956369046,56.82975593676407,57.16785430908203,5279400,0.0,0,DOW
2021-11-24,56.8973788713027,57.35139618514429,56.59791766366566,56.636558532714844,3307100,0.0,0,DOW
2021-11-26,54.71421988957692,55.805800531924405,54.076660264443994,55.641578674316406,4317500,0.0,0,DOW
2021-11-29,56.61946262019282,57.08884630625736,55.13307908249014,55.60246276855469,4564300,0.7,0,DOW
2021-11-30,55.01573223404133,55.24064875511321,53.2066489826706,53.71514892578125,10398200,0.0,0,DOW
2021-12-01,54.262761279186016,54.56590280036623,51.53446520658525,51.593135833740234,9113300,0.0,0,DOW
2021-12-02,51.33889166331559,52.29232673064514,50.918401395075364,52.00385284423828,7333300,0.0,0,DOW
2021-12-03,51.8278306426791,52.62969489381869,51.56380162384096,51.89628219604492,6969100,0.0,0,DOW
2021-12-06,53.15775343435242,53.507833706259326,52.6492535114461,52.68836975097656,6066400,0.0,0,DOW
2021-12-07,53.2457658480532,54.15519794711961,53.06974649143841,53.646697998046875,5806900,0.0,0,DOW
2021-12-08,54.08674208182233,54.252980499646114,53.56846124847741,53.695587158203125,5013700,0.0,0,DOW
2021-12-09,53.04040771198108,53.372888282728496,52.53679452823892,53.18708801269531,5607700,0.0,0,DOW
2021-12-10,53.93028291535172,54.037846979636186,53.08441194615368,53.47067642211914,3628600,0.0,0,DOW
2021-12-13,53.25554143777306,53.4413417143374,51.893351753547776,52.14075469970703,5398800,0.0,0,DOW
2021-12-14,52.07230203452641,53.294656542379144,51.96277954810503,52.68836975097656,4048700,0.0,0,DOW
2021-12-15,52.60035866432225,52.8741648730211,51.690926636481294,52.84482955932617,4955200,0.0,0,DOW
2021-12-16,53.22620618435074,54.13563825705437,53.06974495304312,53.3924446105957,5605900,0.0,0,DOW
2021-12-17,53.32399368148467,53.45601006183482,52.19942973397816,52.90350341796875,10400000,0.0,0,DOW
2021-12-20,51.92561740527008,52.40478200819201,51.30955342622316,52.3265495300293,6251000,0.0,0,DOW
2021-12-21,52.97195413702007,53.59780279004037,52.70792884115321,53.00129318237305,4422000,0.0,0,DOW
2021-12-22,52.92306040941586,53.17731223931003,52.45367671999197,53.0306282043457,3729600,0.0,0,DOW
2021-12-23,53.294656794851754,54.4710499133456,53.14797276108257,53.920501708984375,6240200,0.0,0,DOW
2021-12-27,54.086741229652176,54.653911756601104,53.94983439731163,54.63435363769531,3249000,0.0,0,DOW
2021-12-28,54.77125771192124,55.7393640981286,54.67347084598627,55.37754821777344,4748100,0.0,0,DOW
2021-12-29,55.416664541169,55.84693573369689,55.3091004733671,55.79804229736328,3580900,0.0,0,DOW
2021-12-30,55.93494401873503,56.5510117461257,55.47044705930421,55.52423095703125,3678700,0.0,0,DOW
2021-12-31,55.5829059046712,55.73056728836676,55.04995738438016,55.46556091308594,3093900,0.0,0,DOW
2022-01-03,55.93494321939714,56.61946249223466,55.53401108864416,55.612239837646484,5231900,0.0,0,DOW
2022-01-04,55.98383826532568,57.401770286234,55.83715422752032,57.11818313598633,9068000,0.0,0,DOW
2022-01-05,57.48977662572342,58.27208274450446,57.025279686522616,57.059505462646484,6706300,0.0,0,DOW
2022-01-06,57.19641334358368,57.55822923070062,55.974058844903595,56.951942443847656,5820800,0.0,0,DOW
2022-01-07,57.33332018878675,58.19874558893391,57.13774271018006,57.79292297363281,4633100,0.0,0,DOW
2022-01-10,57.53867352556639,57.98849910467742,56.702583461024105,57.10840606689453,5544300,0.0,0,DOW
2022-01-11,57.74402886598868,58.15474193932617,57.11818392597927,57.87115478515625,5720400,0.0,0,DOW
2022-01-12,58.198744154317374,58.80992142844123,57.58756688019351,57.94938278198242,3742400,0.0,0,DOW
2022-01-13,57.988500601647324,58.895000669237916,57.89755888307102,58.61434555053711,4482600,0.0,0,DOW
2022-01-14,58.389433314917355,59.48466571630391,57.97872396214503,59.39665603637695,6795300,0.0,0,DOW
2022-01-18,59.416207567295864,59.796604238719226,58.252527393455566,58.868595123291016,4796900,0.0,0,DOW
2022-01-19,59.4162069231474,59.57266815264254,58.076507412449615,58.51655578613281,4351100,0.0,0,DOW
2022-01-20,58.575229049277354,58.72190935087194,56.492335939731234,56.53145217895508,5765700,0.0,0,DOW
2022-01-21,56.40432830642812,56.492337982699574,55.28954156054302,55.46556091308594,6189500,0.0,0,DOW
2022-01-24,54.46811998237467,55.56334862450102,53.392445730533176,55.36777114868164,8872700,0.0,0,DOW
2022-01-25,54.6539154233679,56.18919242234258,53.430583540759145,55.91538619995117,5644100,0.0,0,DOW
2022-01-26,56.15985677127818,56.96172104376834,55.397108738989964,55.95450210571289,6126000,0.0,0,DOW
2022-01-27,57.440886085684284,59.93448859690573,57.440886085684284,58.849037170410156,11664200,0.0,0,DOW
2022-01-28,59.36731171343875,59.74868571578545,57.76358322647836,58.71213150024414,6971900,0.0,0,DOW
2022-01-31,58.18407616468175,58.72191141677667,56.99105693869191,58.40898895263672,8056100,0.0,0,DOW
2022-02-01,58.477441136889745,60.61900870362662,58.379654264669,60.442989349365234,6659400,0.0,0,DOW
2022-02-02,60.34520004727147,61.10795184228503,59.76824853594346,60.29630661010742,5463400,0.0,0,DOW
2022-02-03,60.13984171841738,61.063941426883744,59.802470680925566,59.85625457763672,5363800,0.0,0,DOW
2022-02-04,59.84647896836163,60.35497890416453,59.20107592105988,59.25974655151367,4995100,0.0,0,DOW
2022-02-07,59.582448440097025,59.748686862637044,58.408987366277806,58.58500671386719,6214400,0.0,0,DOW
2022-02-08,59.04461419803561,59.817139425113,59.04461419803561,59.73891067504883,5595500,0.0,0,DOW
2022-02-09,60.13006530168096,60.853697089890005,59.89537159205669,60.6190071105957,5515900,0.0,0,DOW
2022-02-10,60.52121422805576,61.078607570770075,59.36731130411003,59.60200500488281,6537200,0.0,0,DOW
2022-02-11,59.455323529114985,60.54077494743901,59.015275152722815,59.73891067504883,6042100,0.0,0,DOW
2022-02-14,59.74868639126611,60.012715410567196,58.795251374620435,59.48466110229492,4472000,0.0,0,DOW
2022-02-15,59.47488244742547,60.63856263143141,59.36731465060483,60.49188232421875,4076800,0.0,0,DOW
2022-02-16,60.28652574261895,61.5186574436195,60.257186697843515,60.70701599121094,5613600,0.0,0,DOW
2022-02-17,60.002938945306475,60.731461190735835,59.28419389463828,59.817138671875,3927800,0.0,0,DOW
2022-02-18,59.40642688974367,59.96382022633217,58.85881074751209,59.24996566772461,5078900,0.0,0,DOW
2022-02-22,59.572671722024296,59.69002044892424,58.61434616765585,58.96638488769531,5664000,0.0,0,DOW
2022-02-23,59.52377744455926,59.83669991788406,58.55078424563775,58.64368438720703,5155100,0.0,0,DOW
2022-02-24,57.587564103581755,57.665796581456014,56.24786462778892,57.42132568359375,8108500,0.0,0,DOW
2022-02-25,57.81719608588641,59.524399076423826,57.71822943803016,59.034507751464844,5445200,0.7,0,DOW
2022-02-28,57.718231717750555,58.569358514139815,57.411429056741284,58.351627349853516,6438200,0.0,0,DOW
2022-03-01,58.50997639726433,58.693068856335415,55.68938528654409,56.54051208496094,7668100,0.0,0,DOW
2022-03-02,56.956177089081194,59.173065602894326,56.91658891777443,58.58915328979492,6499800,0.0,0,DOW
2022-03-03,58.678222116590725,59.32151288203248,58.1338979995752,59.054298400878906,4514800,0.0,0,DOW
2022-03-04,57.797405674541146,58.26750291403179,57.23328747701813,58.22296905517578,5869500,0.0,0,DOW
2022-03-07,58.14379587974531,58.500081871317484,57.050198129430406,57.38174057006836,6987800,0.0,0,DOW
2022-03-08,57.510397617483434,58.608944782970745,57.02545197876596,57.24318313598633,6583400,0.0,0,DOW
2022-03-09,58.63863637074035,60.2716125646168,58.331833707401245,59.182960510253906,7484700,0.0,0,DOW
2022-03-10,58.628741482880656,60.41016766365278,58.61884255238238,60.004398345947266,5421000,0.0,0,DOW
2022-03-11,60.42995933356982,61.84520431138216,60.241917414977905,60.2815055847168,6140000,0.0,0,DOW
2022-03-14,60.73675783985856,61.3899475352194,59.153268813327934,59.65800476074219,5836200,0.0,0,DOW
2022-03-15,59.25223575908329,59.64316044032451,57.02545218072353,58.26255416870117,8354400,0.0,0,DOW
2022-03-16,58.54956190843188,59.52934833020922,58.11410337393952,59.02460861206055,6154800,0.0,0,DOW
2022-03-17,58.7672956700361,62.23118134105828,58.52977042001827,62.191593170166016,9420600,0.0,0,DOW
2022-03-18,61.587885987597055,62.77550467177821,61.16727205943632,61.74623489379883,9510800,0.0,0,DOW
2022-03-21,62.468700727472466,63.062511944998626,61.884788440006346,62.686431884765625,4836500,0.0,0,DOW
2022-03-22,63.33962169127532,63.86415172529878,62.58746534483911,62.894264221191406,5136700,0.0,0,DOW
2022-03-23,62.745813379266615,63.18127191324388,62.369733323587944,62.64684295654297,2936100,0.0,0,DOW
2022-03-24,63.10209889020668,63.53755744706127,62.75571183081506,63.42869186401367,3611400,0.0,0,DOW
2022-03-25,63.428688048835994,64.0620911987741,63.181271432249424,64.03239440917969,3962900,0.0,0,DOW
2022-03-28,63.636528243444026,63.88394863700225,62.389527345722634,63.448486328125,3879300,0.0,0,DOW
2022-03-29,63.290138939929776,63.65632007405391,62.171797677223665,63.52766418457031,4225600,0.0,0,DOW
2022-03-30,63.81467406572924,64.2699267040342,63.36931280712309,63.59694290161133,3145900,0.0,0,DOW
2022-03-31,63.4880748252378,64.11652474231103,63.05261251411038,63.0625114440918,4302100,0.0,0,DOW
2022-04-01,63.62663062462866,64.26002624113602,62.78539900399459,63.517765045166016,3317100,0.0,0,DOW
2022-04-04,63.844362439359195,63.844362439359195,62.66663891344114,63.34952163696289,3650000,0.0,0,DOW
2022-04-05,63.33962058393527,63.97301618572093,62.755708305663696,62.83488464355469,3432500,0.0,0,DOW
2022-04-06,62.55777141951783,62.63694775764075,60.65758460859477,61.033660888671875,4977000,0.0,0,DOW
2022-04-07,61.16232032473199,61.16232032473199,59.410583491250875,60.61799621582031,4644800,0.0,0,DOW
2022-04-08,61.132631521102304,61.63736746469338,60.6872740559716,61.04356002807617,3913900,0.0,0,DOW
2022-04-11,60.71696453277961,61.97386061539611,60.519031233429864,61.31077575683594,2760400,0.0,0,DOW
2022-04-12,61.86499662537414,63.092203499692374,61.64726923542707,62.60725784301758,4137300,0.0,0,DOW
2022-04-13,62.834885767726135,63.56725180497822,62.56767128556668,63.49797439575195,3465600,0.0,0,DOW
2022-04-14,63.824565512084625,65.31898687135983,63.725598860292635,64.81424713134766,7000200,0.0,0,DOW
2022-04-18,64.81424299784018,65.79403317490828,64.62620863662869,65.2002182006836,4958900,0.0,0,DOW
2022-04-19,65.34867483655066,66.65505424645698,65.22991787698642,66.358154296875,5292500,0.0,0,DOW
2022-04-20,66.37794232795441,67.46659054039331,66.34825308908253,66.84309387207031,5021500,0.0,0,DOW
2022-04-21,68.28803065367917,71.1185206442477,68.17916507322104,68.79277038574219,10282500,0.0,0,DOW
2022-04-22,69.34698982163839,70.49502410877574,67.53587067072588,67.7931900024414,7439400,0.0,0,DOW
2022-04-25,66.7144440384371,67.63484072963975,64.85383769319692,67.36763000488281,7252100,0.0,0,DOW
2022-04-26,67.53586860217673,68.26823840457602,66.65505260398007,66.67485046386719,6612800,0.0,0,DOW
2022-04-27,67.417113099354,67.62494532862331,66.35914323064195,66.75402069091797,5412300,0.0,0,DOW
2022-04-28,67.33793587271869,67.33793587271869,65.42785011381925,67.11030578613281,5532300,0.0,0,DOW
2022-04-29,67.41711445204402,68.00596867145312,65.62578559124884,65.81382751464844,6499800,0.0,0,DOW
2022-05-02,66.45711725758734,66.61546237844011,65.1309400609244,66.3680419921875,7250100,0.0,0,DOW
2022-05-03,66.42742942707761,67.62494321583753,66.36804339866222,67.4468002319336,4599500,0.0,0,DOW
2022-05-04,68.10988540292337,70.04966037568187,67.72391019435092,69.88141632080078,5589800,0.0,0,DOW
2022-05-05,69.53503509429841,69.63400174952146,66.83320085774577,67.76350402832031,6530600,0.0,0,DOW
2022-05-06,67.36762739318057,67.66453489866385,65.96228130865899,67.22907257080078,5807800,0.0,0,DOW
2022-05-09,66.15031422361818,67.11030657942909,65.78413686568672,65.9424819946289,7266900,0.0,0,DOW
2022-05-10,66.73423019919176,67.14989465659625,64.60641326151922,65.13094329833984,7885500,0.0,0,DOW
2022-05-11,65.71486247158883,67.79319240752459,65.14084530765588,66.10083770751953,5683300,0.0,0,DOW
2022-05-12,65.84351921457734,66.69464604083925,64.98744669828864,66.34825897216797,6035700,0.0,0,DOW
2022-05-13,66.80350604343832,67.61504462964287,66.5659845805829,66.86288452148438,3924400,0.0,0,DOW
2022-05-16,66.61546442964575,67.88819801639265,65.99196775533217,67.27855682373047,4028300,0.0,0,DOW
2022-05-17,68.8917380004512,69.56571094036894,68.18906495808412,69.2480239868164,4502600,0.0,0,DOW
2022-05-18,68.6938001264259,69.65378488899178,67.78824060055824,68.19895935058594,4623900,0.0,0,DOW
2022-05-19,67.6051453566978,68.85214624403562,67.1004131945251,68.05050659179688,4988400,0.0,0,DOW
2022-05-20,68.16926277863688,69.01049814078154,66.18000828990624,67.40721130371094,5232200,0.0,0,DOW
2022-05-23,67.10041605212044,67.42700524429614,66.15031506371572,66.79360961914062,6582300,0.0,0,DOW
2022-05-24,66.50660083669922,66.69464275786682,64.79445588840031,66.37794494628906,4664400,0.0,0,DOW
2022-05-25,66.02165948362389,66.98165185614465,65.71486059987161,66.60557556152344,6264900,0.0,0,DOW
2022-05-26,66.47691449751484,67.58536066174203,66.21960270546619,67.13999938964844,5732800,0.0,0,DOW
2022-05-27,67.58999633789062,69.06999969482422,67.31999969482422,69.05999755859375,4784300,0.7,0,DOW
2022-05-31,68.63999938964844,68.75,67.61499786376953,67.9800033569336,7876000,0.0,0,DOW
2022-06-01,68.6500015258789,69.78800201416016,67.99500274658203,68.11000061035156,5958100,0.0,0,DOW
2022-06-02,68.43000030517578,68.97000122070312,67.0999984741211,68.0999984741211,4598700,0.0,0,DOW
2022-06-03,67.58999633789062,68.16000366210938,66.68000030517578,67.02999877929688,4966500,0.0,0,DOW
2022-06-06,67.04000091552734,67.61000061035156,66.66999816894531,67.06999969482422,3117300,0.0,0,DOW
2022-06-07,66.76000213623047,67.45999908447266,66.41999816894531,67.37000274658203,4873800,0.0,0,DOW
2022-06-08,67.05999755859375,67.80999755859375,66.8499984741211,67.23999786376953,3200900,0.0,0,DOW
2022-06-09,66.9000015258789,67.01499938964844,65.80999755859375,65.86000061035156,3113400,0.0,0,DOW
2022-06-10,65.01000213623047,65.08000183105469,61.86000061035156,61.869998931884766,6448900,0.0,0,DOW
2022-06-13,60.4900016784668,60.58000183105469,57.970001220703125,58.68000030517578,8509300,0.0,0,DOW
2022-06-14,58.279998779296875,59.130001068115234,57.459999084472656,58.560001373291016,7128900,0.0,0,DOW
2022-06-15,59.02000045776367,59.65999984741211,56.76499938964844,57.40999984741211,6387900,0.0,0,DOW
2022-06-16,55.66999816894531,55.970001220703125,54.650001525878906,55.41999816894531,7641800,0.0,0,DOW
2022-06-17,55.15999984741211,55.959999084472656,53.970001220703125,54.77000045776367,12735300,0.0,0,DOW
2022-06-21,56.34000015258789,56.689998626708984,54.90999984741211,54.95000076293945,6391700,0.0,0,DOW
2022-06-22,52.29999923706055,52.790000915527344,51.56999969482422,52.34000015258789,10383100,0.0,0,DOW
2022-06-23,52.25,52.650001525878906,50.41999816894531,51.060001373291016,9662000,0.0,0,DOW
2022-06-24,51.5099983215332,53.79999923706055,51.189998626708984,53.13999938964844,9107700,0.0,0,DOW
2022-06-27,52.900001525878906,53.29999923706055,51.970001220703125,52.220001220703125,7507300,0.0,0,DOW
2022-06-28,52.79999923706055,54.150001525878906,52.345001220703125,52.529998779296875,5169400,0.0,0,DOW
2022-06-29,52.709999084472656,53.0099983215332,51.279998779296875,51.97999954223633,4392800,0.0,0,DOW
2022-06-30,51.15999984741211,52.13999938964844,50.849998474121094,51.61000061035156,5848000,0.0,0,DOW
2022-07-01,50.90999984741211,52.040000915527344,49.900001525878906,51.689998626708984,5254800,0.0,0,DOW
2022-07-05,50.77000045776367,50.81999969482422,49.35499954223633,50.72999954223633,5891000,0.0,0,DOW
2022-07-06,50.619998931884766,51.25,50.03499984741211,51.18000030517578,5657000,0.0,0,DOW
2022-07-07,52.13999938964844,52.810001373291016,51.7400016784668,52.279998779296875,5507600,0.0,0,DOW
2022-07-08,52.43000030517578,52.880001068115234,51.30500030517578,51.380001068115234,4226500,0.0,0,DOW
2022-07-11,50.7400016784668,51.349998474121094,50.5099983215332,51.0099983215332,3919100,0.0,0,DOW
2022-07-12,50.88999938964844,51.564998626708984,50.25,50.41999816894531,6068200,0.0,0,DOW
2022-07-13,50.0,50.209999084472656,49.029998779296875,49.66999816894531,6071500,0.0,0,DOW
2022-07-14,48.7400016784668,49.06999969482422,48.27000045776367,48.900001525878906,4969400,0.0,0,DOW
2022-07-15,49.72999954223633,50.2400016784668,49.16999816894531,49.54999923706055,4809900,0.0,0,DOW
2022-07-18,50.41999816894531,51.04999923706055,50.20000076293945,50.470001220703125,4839000,0.0,0,DOW
2022-07-19,51.150001525878906,52.810001373291016,51.08000183105469,52.45000076293945,6999400,0.0,0,DOW
2022-07-20,52.45000076293945,52.66999816894531,51.810001373291016,52.54999923706055,5977700,0.0,0,DOW
2022-07-21,50.56999969482422,51.439998626708984,49.95000076293945,51.400001525878906,10059700,0.0,0,DOW
2022-07-22,51.5,51.810001373291016,50.439998626708984,50.849998474121094,5073900,0.0,0,DOW
2022-07-25,51.16999816894531,51.970001220703125,51.029998779296875,51.58000183105469,5933200,0.0,0,DOW
2022-07-26,51.16999816894531,51.79999923706055,50.95000076293945,51.29999923706055,4130900,0.0,0,DOW
2022-07-27,51.439998626708984,52.479000091552734,51.209999084472656,52.2400016784668,4342000,0.0,0,DOW
2022-07-28,52.45000076293945,52.90999984741211,51.7599983215332,52.29999923706055,6137900,0.0,0,DOW
2022-07-29,52.7599983215332,53.79499816894531,52.470001220703125,53.209999084472656,9753000,0.0,0,DOW
2022-08-01,52.58000183105469,52.599998474121094,51.43000030517578,52.459999084472656,5913400,0.0,0,DOW
2022-08-02,52.29999923706055,52.66999816894531,51.540000915527344,51.54999923706055,5797800,0.0,0,DOW
2022-08-03,52.0,52.0,51.33599853515625,51.4900016784668,5139300,0.0,0,DOW
2022-08-04,51.310001373291016,51.70000076293945,50.86000061035156,50.9900016784668,6962800,0.0,0,DOW
